age,bachelor_degree,hh_income,home_GEOID,home_geo_index,main_mode,male,motif,pop_per_sqmile_home,work_GEOID,work_geo_index
53,1,6,250250810012,79,0,0,HOH,8000,250250808011,38
34,0,9,250173510004,79,0,1,H,8000,250250701018,93
62,0,7,250214163002,79,-99,1,HOH,8000,250250702003,41
17,0,9,250173423001,102,2,1,HOH,8000,250173363007,71
48,1,8,250250102033,60,-99,0,HOH,8000,250250107011,20
33,0,4,250251106074,97,3,1,HOH,8000,250250806013,89
17,0,9,250173578001,10,2,1,HOH,8000,250235012023,94
77,1,9,250214161012,33,-99,0,H,8000,250214176012,27
16,0,5,250173742002,53,0,1,HOH,8000,250250606001,62
54,1,11,250173508001,41,0,0,HOH,8000,250250103002,88
40,1,8,250173336001,6,0,1,HOH,8000,250173336003,51
35,1,9,250173504005,52,0,1,HWH,8000,250173523002,60
52,1,6,250251010021,29,0,0,HWOH,8000,250173703005,64
27,0,3,250173583002,92,-99,0,HOH,8000,250250606001,62
24,1,11,250250812002,18,3,0,HOH,8000,250214035001,42
51,0,6,250251605023,99,0,1,HOH,8000,250251604002,90
52,0,8,250251702002,80,0,1,HOH,8000,250251704001,35
45,1,7,250173529002,95,0,1,HWH,8000,250250801001,61
43,1,11,250250921013,76,3,1,HWH,8000,250214191001,24
29,1,5,250214164007,28,0,0,HOH,8000,250250603011,71
61,1,1,250250911003,99,0,1,HWH,8000,250173529001,99
42,1,8,250250922003,76,0,1,HOH,8000,250092069003,63
55,1,11,250173704001,63,0,0,HOH,8000,250250701018,54
68,1,7,250173686004,66,0,0,H,8000,250173701023,82
28,1,9,250214194003,18,3,1,HWH,8000,250214180031,27
48,0,3,250173507001,59,0,0,HOH,8000,250250606001,48
31,1,7,250173371012,90,-99,0,HOH,8000,250250203011,98
55,0,7,250173574003,64,0,1,HWH,8000,250173511004,75
44,1,9,250251008003,7,-99,0,HOH,8000,250173324002,81
35,0,8,250250301001,64,0,0,HWH,8000,250173334001,76
35,1,11,250250814001,70,2,0,HWH,8000,250173747001,40
45,1,10,250250711012,77,3,0,HOH,8000,250235011024,75
43,1,11,250173567011,73,2,1,HWH,8000,250173584004,5
66,0,4,250214182002,10,0,0,HWH,8000,250250203021,38
31,1,9,250251401051,17,0,0,HOWOH,8000,250251304023,101
54,1,10,250173512041,72,0,1,H,8000,250250810011,22
32,1,11,250250606001,88,3,1,HWH,8000,250214180041,79
51,1,6,250251011013,19,-99,1,HOH,8000,250250810011,29
26,1,7,250251603002,50,-99,0,H,8000,250250510002,92
57,1,8,250250610003,101,0,1,HOH,8000,250250304001,14
35,1,9,250173737004,93,-99,1,H,8000,250173741001,29
35,1,10,250250105003,95,0,0,HWH,8000,250250703001,11
25,0,7,250250818002,27,0,1,HWH,8000,250214035001,32
72,0,6,250214034003,19,0,0,HWH,8000,250251707024,0
42,1,10,250259811004,84,3,1,H,8000,250250806013,60
42,1,9,250250002024,18,-99,0,HWOWH,8000,250173324002,78
36,0,9,250173745002,27,0,0,H,8000,250214033001,76
58,1,11,250250907003,79,0,1,HWH,8000,250251401051,60
38,0,4,250214171002,77,0,0,H,8000,250214227001,87
58,0,7,250173335022,51,0,1,HOH,8000,250173511005,86
50,0,1,250250002022,0,0,1,H,8000,250250303002,64
32,1,8,250173746003,65,0,0,HWH,8000,250173524002,84
49,1,11,250173546001,8,3,1,HWH,8000,250250303004,66
35,1,10,250173567022,55,0,0,HWH,8000,250250701018,4
63,1,6,250092057002,11,0,0,HWOH,8000,250173372023,30
59,1,8,250251105011,82,0,1,HWH,8000,250214035001,37
39,0,5,250251606021,21,0,1,HWH,8000,250250909012,50
47,1,9,250214176014,95,0,1,H,8000,250250702003,94
34,0,7,250173741002,20,0,1,HWH,8000,250250008032,18
35,1,6,250251006011,27,1,0,HWH,8000,250251604002,69
25,0,6,250250709001,97,2,1,HWH,8000,250250812001,57
17,0,5,250173731001,58,0,1,HWH,8000,250173735004,42
66,1,8,250251104035,85,0,1,HWH,8000,250173748002,1
23,1,4,250173681012,64,0,1,HWH,8000,250173691004,34
28,1,10,250250919001,14,1,1,HOH,8000,250214175021,53
46,1,10,250214177021,75,-99,0,HOH,8000,250250606001,0
66,1,8,250173324002,95,0,0,HWH,8000,250173324001,94
38,1,6,250173416006,9,0,0,H,8000,250214041001,51
30,0,4,250250511013,57,0,0,H,8000,250259813002,24
58,1,7,250214007001,89,0,1,HOH,8000,250173501043,52
34,0,9,250250804011,7,0,1,H,8000,250250701011,32
40,1,6,250250906001,76,0,0,HWH,8000,250250203032,7
62,1,11,250173737003,58,3,1,HWH,8000,250250702001,80
28,1,10,250250008025,29,1,1,HOH,8000,250250105001,50
40,1,10,250173422021,59,0,1,HOH,8000,250250104051,5
42,1,8,250251203011,70,0,0,HOH,8000,250251201051,68
58,1,6,250092054002,83,0,0,HOH,8000,250250107021,46
55,0,4,250214193003,101,0,0,HWH,8000,250250008032,53
29,1,5,250173525002,84,0,0,HWH,8000,250173531021,102
39,0,5,250251104011,78,0,1,HOH,8000,250251207001,81
19,0,11,250250707001,96,0,1,HWH,8000,250250701018,45
52,0,7,250173739004,60,0,1,HWH,8000,250250806013,29
51,1,7,250173422011,21,0,0,H,8000,250250701013,1
17,0,5,250250604001,32,0,1,HWH,8000,250250303003,46
20,0,7,250173416004,101,0,1,HWH,8000,250092070001,29
54,0,5,250250505001,9,0,1,H,8000,250250303002,48
31,1,8,250173373001,95,0,0,HWH,8000,250173515002,39
48,1,2,250214193001,48,0,1,HWH,8000,250214172001,83
48,0,2,250250406002,81,0,0,HWH,8000,250173584001,30
28,1,9,250173371011,61,0,0,H,8000,250173584001,89
55,0,10,250092052001,94,0,1,HWH,8000,250092054003,72
28,1,9,250173372021,44,0,0,HOH,8000,250173335022,78
33,1,8,250173384003,55,0,0,HWH,8000,250250408013,48
45,1,10,250251402022,14,0,0,HOH,8000,250214161013,10
43,1,11,250214175011,28,1,0,HWH,8000,250250604005,42
47,1,6,250250606001,89,0,1,HWH,8000,250250701018,60
63,0,8,250173392004,84,0,0,H,8000,250250604005,3
23,1,8,250173323005,76,0,0,HOH,8000,250173324002,49
26,1,6,250173412006,9,-99,1,H,8000,250250810011,48
38,1,10,250173416002,24,0,0,HOH,8000,250250810011,30
30,1,9,250214191002,82,0,1,HWH,8000,250250702003,101
54,1,6,250173396002,71,0,0,HOH,8000,250173530004,102
68,1,7,250173741002,57,0,0,H,8000,250173741003,34
36,1,7,250173528002,10,0,1,HWH,8000,250173511005,13
29,1,6,250250919003,102,2,1,HWH,8000,250250701015,101
39,0,2,250250924003,100,0,0,H,8000,250250811001,85
54,1,8,250173738002,15,0,1,HWH,8000,250173531022,44
33,0,5,250173362006,50,0,1,HWH,8000,250250707001,37
50,0,5,250173576002,81,0,1,HWH,8000,250173740002,63
48,1,10,250214025002,5,0,1,HWH,8000,250173501031,59
42,1,9,250214031003,76,-99,0,HWOWH,8000,250173733002,97
23,1,8,250173703003,6,0,0,HOH,8000,250214122002,85
63,1,10,250173331005,29,3,1,HOWOH,8000,250173586004,59
26,1,6,250173741002,33,0,1,HWH,8000,250173740002,56
70,1,7,250214161014,30,0,1,HOH,8000,250250711013,51
28,1,6,250251605012,51,2,0,HWH,8000,250251802004,51
38,0,5,250173322001,42,0,1,HOH,8000,250173334001,19
33,1,9,250173742002,84,2,1,HWH,8000,250173531011,67
37,1,10,250250821003,70,0,0,HWH,8000,250250902001,96
29,1,8,250173514035,32,3,0,HWH,8000,250214008002,4
43,1,9,250214021023,47,0,1,HWH,8000,250173507005,102
41,1,8,250250708003,5,3,0,HWH,8000,250250107021,15
52,1,6,250173424001,8,0,0,HWOH,8000,250214004002,58
32,1,10,250173546002,38,0,1,HWH,8000,250173531012,60
39,1,11,250173701011,95,0,1,HOH,8000,250173335013,59
46,0,6,250250106001,47,0,0,HOH,8000,250251011013,31
62,1,11,250214003003,16,3,1,HWH,8000,250214004001,45
47,1,11,250251007001,48,0,0,HOH,8000,250173421012,7
32,1,7,250251104012,89,0,0,HWH,8000,250250406001,74
55,0,10,250251201031,32,0,1,HWH,8000,250173522001,83
18,0,9,250251304062,39,0,1,H,8000,250251402012,13
39,1,6,250092054002,13,0,1,HWOH,8000,250250702001,40
19,0,8,250250501011,11,0,1,HOH,8000,250250008032,73
60,0,7,250173362005,72,0,1,HWH,8000,250173362004,8
37,0,8,250214180043,59,0,1,HWH,8000,250250701012,85
27,0,3,250250202001,63,-99,0,HOH,8000,250250303003,89
30,1,11,250250604001,84,0,0,HWH,8000,250173524002,4
54,1,7,250250107012,97,0,1,HWH,8000,250250107021,59
41,1,7,250250921011,28,0,0,H,8000,250250701018,101
28,1,9,250173578002,29,0,1,HWH,8000,250250810011,66
35,1,9,250173371022,44,-99,1,H,8000,250173391001,74
37,1,10,250173383002,56,0,0,HWH,8000,250173685003,84
59,0,3,250214007002,25,3,0,HOH,8000,250173733002,8
39,1,11,250173527002,79,0,1,HOH,8000,250173549003,95
45,1,11,250173509001,19,2,1,HWH,8000,250214572001,3
49,1,11,250173423004,46,3,1,HOH,8000,250250810011,80
27,1,10,250250003022,25,0,1,HOH,8000,250250910012,39
30,1,8,250251401061,91,0,1,HWH,8000,250173521021,17
52,1,11,250214175024,15,0,1,HWH,8000,250250008032,11
54,1,9,250173576002,55,0,0,HWH,8000,250173381001,33
40,1,5,250250604005,35,0,0,HWH,8000,250250804011,11
47,1,9,250214174003,21,0,0,HWH,8000,250250907004,28
48,1,8,250173745001,29,0,0,HWH,8000,250250909012,20
33,1,10,250214041001,23,-99,0,HOH,8000,250173586003,86
16,0,10,250251802001,85,0,0,HOH,8000,250259812021,32
62,0,6,250251404006,18,0,1,HWH,8000,250173522001,24
60,1,8,250251401052,52,0,1,HWH,8000,250251401052,87
74,1,7,250173747001,19,0,1,H,8000,250173731005,45
36,0,9,250250902003,76,-99,1,H,8000,250250107021,58
64,1,11,250173384002,19,-99,1,HWH,8000,250173324002,84
58,1,9,250250920001,81,0,0,HOH,8000,250173691004,27
23,0,10,250173731005,7,0,1,HOH,8000,250259812021,58
58,1,11,250173689011,49,0,0,HOH,8000,250173547001,5
24,1,11,250173510001,15,3,1,HWH,8000,250173382001,21
42,0,8,250259811004,25,0,1,HWH,8000,250173736001,39
49,1,7,250250803001,51,0,0,HWH,8000,250250104042,47
38,1,6,250251604001,6,0,0,H,8000,250251204005,3
45,1,11,250214031001,12,2,1,HWH,8000,250173737003,23
42,1,6,250251404004,95,0,0,HOH,8000,250214177014,85
53,1,11,250251705022,9,0,1,HOH,8000,250250506001,92
70,1,10,250173529002,75,-99,1,HOH,8000,250250810011,19
53,0,6,250251606012,97,-99,0,HOH,8000,250250701012,10
56,0,5,250251010021,40,-99,1,HWH,8000,250250612001,20
53,1,9,250214122002,91,0,0,H,8000,250173747001,24
48,0,3,250173731003,12,0,0,HOH,8000,250173732004,26
28,1,6,250250809003,97,0,1,HWH,8000,250250810011,55
24,1,9,250092058001,84,3,1,HWH,8000,250092057005,66
64,1,9,250251403006,36,0,1,HWH,8000,250250102031,56
32,1,10,250173334002,91,3,0,HWH,8000,250173336003,49
58,1,6,250235012012,96,0,0,HOH,8000,250214195001,42
49,1,6,250214172007,36,-99,1,H,8000,250251403004,20
55,0,6,250214228001,16,0,0,HWH,8000,250250810011,67
48,0,8,250173702021,36,0,1,HOH,8000,250173521012,85
36,1,10,250214572002,0,0,0,HWH,8000,250214033003,96
40,0,10,250251204004,58,-99,0,H,8000,250250702001,29
47,0,4,250173415003,38,0,1,H,8000,250173545003,2
50,1,1,250173364012,5,0,0,HOH,8000,250173690001,34
25,1,9,250173567025,64,-99,0,H,8000,250173524002,89
53,1,6,250214224005,55,0,0,HOH,8000,250235012023,10
56,1,10,250250605013,58,0,0,HWH,8000,250092084004,69
46,1,8,250251707011,4,0,1,HOH,8000,250250701018,98
70,0,7,250173514032,17,0,0,HOH,8000,250250701018,49
45,1,8,250173396001,86,0,1,HWH,8000,250250702003,75
46,1,9,250173411025,21,0,1,HOH,8000,250173515001,12
27,1,10,250250914001,69,0,1,HOH,8000,250250303003,102
29,1,8,250250203033,19,0,1,H,8000,250250303003,19
41,1,8,250173364013,46,1,1,HWH,8000,250250106001,45
57,1,8,250173564003,59,-99,1,HOH,8000,250250103002,52
43,1,9,250173691004,70,3,0,HWH,8000,250173413002,86
32,1,4,250251702004,38,0,1,HWH,8000,250173691001,15
47,1,10,250173354001,28,0,0,H,8000,250173335013,85
32,1,7,250173746003,82,0,1,HOH,8000,250173701021,4
27,0,5,250214171005,21,0,1,HWOH,8000,250250701012,7
37,0,6,250250604005,99,0,1,HWOWH,8000,250250702003,92
51,1,9,250251402025,49,0,0,HWH,8000,250250107023,88
64,1,1,250251404005,63,0,0,H,8000,250173522001,61
23,1,6,250251104011,41,3,0,HOH,8000,250251008006,45
42,1,8,250214024003,31,0,0,HWH,8000,250214572003,14
64,0,6,250173502001,83,0,0,HWH,8000,250250701012,66
79,0,5,250251707011,28,-99,1,HOH,8000,250250106001,54
28,1,1,250173396004,74,-99,0,HOWOH,8000,250173393003,68
26,1,7,250250007044,31,-99,0,H,8000,250173701021,65
70,1,10,250092081011,36,-99,1,HOH,8000,250173324002,85
53,1,11,250251106072,79,0,1,HOH,8000,250250203032,67
61,0,8,250251708004,45,0,1,HOH,8000,250173391005,45
58,1,8,250250712011,11,0,0,HWH,8000,250250704021,43
33,0,4,250251204005,88,0,1,H,8000,250250806013,53
62,1,7,250250104041,101,2,0,HWH,8000,250250806011,18
28,1,9,250173421024,19,0,0,HWH,8000,250173335012,97
32,1,8,250251011024,73,0,0,HWH,8000,250250704021,90
39,1,7,250173523002,32,0,0,HWH,8000,250250701013,102
28,1,10,250173546001,78,3,0,HOH,8000,250251004001,77
24,1,11,250251703005,27,3,0,HOH,8000,250214163005,3
19,0,8,250251206002,34,0,1,HOH,8000,250250707001,84
66,1,8,250092055002,8,0,1,HWH,8000,250173546004,8
61,1,9,250250303003,34,0,1,HOH,8000,250250203021,40
69,0,6,250173739004,28,0,1,HWH,8000,250250108021,21
33,1,6,250251009005,86,0,0,HWH,8000,250250406001,21
28,1,10,250173399001,94,3,0,HOH,8000,250173399005,2
33,1,8,250250915001,96,0,1,HWH,8000,250250801001,53
36,1,11,250173398022,45,-99,0,HOH,8000,250173563006,18
65,1,10,250092070002,3,0,1,H,8000,250250509011,50
49,1,8,250251704001,64,0,1,HOH,8000,250250701018,90
53,1,9,250173383002,86,0,0,H,8000,250173322003,49
39,0,7,250173540003,101,0,1,HWH,8000,250173537004,57
47,1,9,250250601012,79,0,1,HOH,8000,250173703002,40
28,0,8,250251001005,98,0,1,HOH,8000,250173521021,8
58,0,3,250173739002,42,0,0,HWH,8000,250251201051,40
49,1,9,250250704021,72,0,1,HWH,8000,250214121001,16
30,1,8,250251010015,72,0,1,HOH,8000,250250610003,38
46,1,10,250251605021,2,-99,0,HOH,8000,250251706011,22
34,1,9,250250907003,39,0,1,HWH,8000,250173744004,54
53,0,10,250250808011,51,0,1,HOH,8000,250214177013,30
16,0,6,250173392002,72,0,0,HOH,8000,250250107021,67
34,1,9,250251302002,31,3,0,HWH,8000,250173323005,20
26,1,8,250173372023,91,0,0,HWH,8000,250259813002,87
32,1,6,250173361002,0,0,0,HOWOH,8000,250173322003,20
28,1,6,250173400003,36,0,1,HOWOH,8000,250173413002,48
41,1,9,250173564002,83,0,1,HOH,8000,250250701018,16
51,1,11,250251104011,56,0,1,HWH,8000,250250918001,50
44,1,7,250250305002,57,0,0,H,8000,250250606001,13
32,1,6,250173567021,44,0,0,HOWOH,8000,250173324002,102
29,1,9,250173363002,82,0,0,H,8000,250173373003,71
32,1,10,250250711012,13,3,1,HWH,8000,250250101042,98
44,0,9,250250604004,80,0,0,HWH,8000,250250701011,50
36,1,7,250214164007,31,0,0,HOH,8000,250250303004,86
66,1,11,250214175024,49,0,0,HWH,8000,250214012002,40
49,1,8,250214228001,56,0,1,HOH,8000,250173748002,24
73,1,10,250214031001,90,-99,1,H,8000,250251101033,16
58,1,8,250250511012,48,0,1,HWH,8000,250250101041,65
27,1,10,250173364022,21,0,1,HOH,8000,250173391005,59
20,0,6,250173581001,49,2,0,H,8000,250173581004,64
53,0,5,250173567011,90,0,1,HWH,8000,250173524002,14
51,0,7,250173684001,38,0,0,HWOH,8000,250214176023,80
59,1,10,250173535002,81,1,1,HWH,8000,250173501043,64
53,1,6,250092053001,25,0,0,HOH,8000,250250001001,66
37,1,2,250173549003,38,0,1,HWH,8000,250251704002,93
42,0,7,250250811002,57,0,1,HWH,8000,250173549003,91
51,0,3,250214192001,94,0,0,HOH,8000,250251204004,61
52,0,4,250173512034,97,0,0,HWOH,8000,250250203011,13
26,1,6,250250612001,12,0,0,HWH,8000,250250303002,27
41,1,10,250173702012,58,0,1,HWH,8000,250173702013,16
44,1,9,250173392002,5,0,1,HOH,8000,250173336003,28
33,1,8,250250805001,40,3,1,HWH,8000,250250811001,36
52,0,7,250251701007,39,0,1,HWH,8000,250250702001,29
49,1,6,250173395004,39,3,0,HWH,8000,250250701011,94
35,1,8,250173547002,83,0,1,HWH,8000,250250701011,4
26,1,8,250214181011,37,0,0,HOH,8000,250259812021,32
30,1,6,250092061001,77,2,1,HWH,8000,250092052004,45
70,1,7,250173371022,94,0,1,HOH,8000,250173353011,59
33,1,9,250250001001,88,2,1,HWH,8000,250250001004,52
23,0,10,250214226007,68,0,1,HOH,8000,250250203032,27
52,1,6,250173322001,81,0,0,HWOH,8000,250250712011,50
36,1,8,250250605014,89,2,0,HWH,8000,250250810011,69
77,1,9,250173509001,61,-99,0,H,8000,250092069003,27
73,1,4,250173504004,61,0,1,HWOWH,8000,250173509002,15
64,1,6,250250612003,42,0,1,HOH,8000,250251207001,37
34,1,9,250250502001,20,0,0,HOH,8000,250250806011,67
58,1,9,250251401061,98,0,1,HWH,8000,250250107021,81
37,1,4,250092065003,98,-99,1,HWOWH,8000,250092068001,7
29,1,8,250250919001,73,0,1,HWH,8000,250173703002,12
39,1,11,250092056001,50,0,0,HOH,8000,250251207001,53
54,1,10,250214195002,66,0,1,HOH,8000,250250907001,41
23,1,8,250173511001,6,0,0,HOH,8000,250173391003,58
73,1,10,250173743002,36,-99,1,H,8000,250250008032,91
19,0,11,250250303003,75,0,1,HWH,8000,250214172001,28
44,1,10,250173507002,91,0,1,HWH,8000,250173336003,49
73,1,10,250214191003,97,3,0,HWH,8000,250250910014,99
47,1,10,250173373001,82,0,0,H,8000,250173371012,7
30,0,7,250173539003,97,-99,0,H,8000,250250910012,85
55,1,11,250250510001,43,0,1,HWH,8000,250250510001,91
58,0,6,250173361002,16,0,1,HWOWH,8000,250173362004,42
43,1,8,250214162001,15,2,1,HWH,8000,250214180031,63
42,1,10,250251202012,58,3,1,H,8000,250250303003,27
56,1,11,250173504005,2,0,0,HOH,8000,250173391001,27
23,0,6,250250604004,51,0,0,HWH,8000,250214035001,70
43,1,9,250259813002,101,0,1,HWH,8000,250173537004,73
39,0,5,250173565005,29,0,1,HWH,8000,250250203032,90
34,0,2,250173398011,91,3,1,HWH,8000,250250810011,46
65,1,8,250251106011,50,3,1,HWH,8000,250251106073,36
66,1,8,250214163004,101,0,1,HWH,8000,250173531022,91
40,1,8,250173510001,5,0,1,HOH,8000,250173397001,55
22,1,11,250250811001,61,0,0,HOH,8000,250214009003,59
57,1,9,250214172001,45,0,0,HOH,8000,250250701018,98
34,1,4,250173572002,35,2,1,HOH,8000,250250810011,28
53,1,7,250173514034,43,0,0,HWH,8000,250092084002,79
73,1,10,250092082001,96,-99,1,H,8000,250259813002,95
27,1,10,250214004002,72,0,0,HOH,8000,250214002001,1
66,0,2,250250815002,43,3,1,HWH,8000,250214177011,16
62,1,11,250214012004,43,3,1,HWH,8000,250250612001,58
36,1,11,250173524002,78,-99,0,HOH,8000,250173565003,16
39,0,7,250092064001,81,0,1,HWH,8000,250173324002,11
60,0,7,250214182002,71,0,1,HWH,8000,250250811001,30
34,0,2,250250920002,17,3,1,HWH,8000,250250102034,95
45,1,8,250250911002,87,0,1,HWH,8000,250250701013,79
54,1,11,250173504002,45,0,0,HWH,8000,250173513001,86
23,1,4,250251001002,63,0,1,HWH,8000,250259813002,23
50,1,8,250250912001,64,-99,0,HOH,8000,250250106001,44
43,1,5,250251304024,96,0,1,HWH,8000,250173736002,23
61,1,6,250251010022,30,-99,1,HOH,8000,250250806013,89
52,0,4,250173565002,50,0,0,HWOH,8000,250173331001,72
31,1,7,250214226003,79,0,0,HWH,8000,250214191001,50
58,0,8,250173372022,74,0,1,HWH,8000,250173324002,58
28,1,10,250250002014,34,3,0,HOH,8000,250250003021,71
28,1,11,250173425003,32,-99,1,H,8000,250214035001,32
47,1,9,250251004003,99,0,0,HWH,8000,250250921012,65
26,1,8,250173417004,21,0,0,HWH,8000,250173703002,60
68,1,11,250173703004,69,3,1,HWH,8000,250173537004,79
23,1,6,250173512043,9,3,0,HOH,8000,250173703002,63
66,1,11,250250818003,27,0,0,HWH,8000,250250801001,96
23,1,6,250250101041,72,3,0,HOH,8000,250173531022,5
61,0,7,250250902001,29,0,0,HOH,8000,250173424005,95
39,0,8,250173744003,87,0,0,HWH,8000,250250303003,66
58,1,9,250214025002,66,0,1,HWH,8000,250214172001,62
39,0,8,250173547002,58,0,0,HWH,8000,250250106002,62
25,0,6,250250601012,74,2,1,HWH,8000,250250106001,82
25,0,6,250173745003,67,0,1,HWH,8000,250250303003,38
19,0,7,250251106074,91,0,0,HWH,8000,250092084004,91
30,1,8,250173396003,0,0,0,HWH,8000,250250701018,23
63,1,10,250173689011,58,0,0,H,8000,250173741001,0
44,0,9,250173364012,83,0,0,HWH,8000,250173422022,100
45,1,9,250173701014,91,0,0,HWH,8000,250173691004,6
16,0,10,250173681012,74,0,0,HOH,8000,250173549003,36
16,0,10,250173418002,81,0,0,HOH,8000,250214172001,13
28,1,6,250173412003,38,0,1,HOWOH,8000,250173742001,90
38,1,11,250214034002,91,3,1,HOH,8000,250173733002,40
66,1,3,250214226005,10,0,0,HOH,8000,250235011022,80
48,1,10,250173354002,56,0,1,HWH,8000,250250203032,98
60,0,7,250250901002,59,0,0,HOH,8000,250251001007,17
50,0,6,250214007001,17,0,0,HWH,8000,250173572001,12
64,0,4,250173508001,8,0,1,HWH,8000,250250810011,61
30,1,8,250173371021,34,0,0,HWH,8000,250250606001,27
27,1,10,250214031003,46,0,0,HOH,8000,250250303002,67
41,1,10,250250813002,79,3,0,HOH,8000,250250810011,14
45,1,9,250092064001,16,0,0,HWH,8000,250092051004,29
28,1,10,250173535002,5,1,1,HOH,8000,250173331001,95
54,1,7,250173514042,65,0,1,HWH,8000,250173524002,83
26,1,8,250173425003,97,0,1,HWH,8000,250173398021,28
23,1,6,250173523001,81,3,0,HOH,8000,250250102034,97
28,1,9,250173334004,38,0,0,HOH,8000,250173324002,74
40,1,8,250173401006,74,0,1,HOH,8000,250250106001,65
26,1,6,250173419026,100,-99,1,H,8000,250214123001,1
30,1,7,250173581001,66,0,0,HWH,8000,250173731005,87
40,1,3,250251606011,30,-99,0,HWH,8000,250251604001,80
30,1,8,250251705011,63,0,1,HOH,8000,250251707012,75
35,1,6,250173417005,78,2,0,H,8000,250250909012,96
57,1,7,250173399004,39,0,1,HWH,8000,250251207001,87
39,0,2,250250304002,22,0,0,H,8000,250250701018,20
46,1,6,250173547002,85,-99,0,HWH,8000,250173540003,3
37,1,10,250173529001,5,0,0,HWH,8000,250173531022,22
38,1,9,250173563003,8,0,1,HWH,8000,250250606001,53
35,1,11,250173523001,34,2,0,HWH,8000,250173521021,89
39,1,11,250250108022,36,0,1,HOH,8000,250250810011,70
36,1,10,250173372023,101,0,0,HWH,8000,250173364013,50
42,1,10,250250007011,85,3,1,H,8000,250173738004,100
49,1,5,250173322001,11,0,0,HWH,8000,250251207001,39
20,0,6,250250906002,74,0,0,HOH,8000,250250914002,88
16,0,7,250251708001,29,2,1,H,8000,250250606001,20
55,0,6,250173334005,42,0,0,HWH,8000,250250106001,93
65,0,6,250251404002,26,0,1,HWH,8000,250250801001,80
42,0,7,250251401024,98,0,1,HWH,8000,250250810011,41
45,1,8,250173548001,93,0,1,HWH,8000,250250303003,50
23,1,8,250092063001,10,-99,1,HWH,8000,250173324002,29
38,1,11,250173361001,69,3,1,HOH,8000,250250703001,66
64,1,6,250173352005,54,0,0,HWOWH,8000,250250005022,82
29,1,7,250250606001,87,3,1,HOH,8000,250250606001,78
68,1,8,250173513001,5,-99,0,HOH,8000,250173515002,39
28,1,9,250214008001,0,3,1,HWH,8000,250250810011,55
48,0,3,250214008003,77,0,1,HWH,8000,250250203011,86
34,0,7,250173523001,33,0,1,HWH,8000,250214031001,98
60,1,5,250173507006,39,-99,0,HOH,8000,250173545003,89
42,1,9,250092022004,37,-99,1,HWOWH,8000,250173534002,80
43,1,8,250250809003,80,3,0,HWH,8000,250250606001,76
29,1,5,250173573002,91,0,0,HWH,8000,250173537004,77
53,1,6,250251801013,78,0,0,HOH,8000,250214035001,16
43,1,11,250173418006,13,0,0,HOH,8000,250173413002,69
38,1,9,250250504002,79,0,1,HWH,8000,250250702003,60
26,1,6,250250604002,66,3,0,HOH,8000,250250701011,49
33,0,4,250250107011,74,0,1,H,8000,250173524002,102
35,0,8,250173567021,47,0,0,HWH,8000,250173567027,62
48,0,3,250251103011,19,0,1,HWH,8000,250173324002,49
49,0,6,250173421012,69,0,1,HWH,8000,250173703002,12
60,1,5,250173584003,91,0,0,HOH,8000,250173531012,4
52,1,9,250250303001,51,0,1,HWH,8000,250250801001,75
31,1,6,250214121001,93,0,0,HWH,8000,250173537004,85
17,0,9,250173401003,76,0,1,HOH,8000,250250107021,23
29,1,3,250092053001,37,3,0,HOH,8000,250251703002,69
28,1,9,250250805002,90,3,1,HWH,8000,250250820002,74
35,1,6,250173578004,16,2,0,H,8000,250173691004,50
38,1,6,250251701007,90,0,1,HWOH,8000,250250303002,94
49,1,11,250173414002,17,0,0,HOH,8000,250173691004,16
28,1,11,250250917001,58,-99,1,H,8000,250251204003,35
29,1,8,250250003022,91,0,1,H,8000,250173741001,102
42,1,4,250251105013,9,3,1,HWOH,8000,250250921013,30
63,1,6,250250601011,44,0,0,HWOH,8000,250259813002,65
25,0,6,250250201014,66,0,0,HOH,8000,250250104042,93
34,1,9,250251804002,68,3,0,HWH,8000,250251802002,63
18,0,10,250173424003,86,0,1,H,8000,250251604001,97
17,0,9,250251204005,76,2,1,HOH,8000,250250107021,58
60,1,5,250173526001,55,-99,0,HOH,8000,250173528001,83
36,1,8,250214008001,73,2,0,HWH,8000,250250006023,35
61,1,6,250173538003,36,-99,0,HOH,8000,250250203012,30
21,0,4,250173533001,98,0,0,HWH,8000,250173537004,96
29,1,8,250250608001,65,3,0,HWH,8000,250250606001,25
23,1,8,250250813002,24,0,0,HOH,8000,250214191001,28
62,1,11,250251602002,80,3,1,HWH,8000,250250612001,61
34,1,11,250173545001,16,0,0,HWH,8000,250214002002,63
31,1,8,250250705003,70,0,0,H,8000,250250701018,63
42,1,6,250251004004,22,0,0,HOH,8000,250173736002,15
50,0,5,250214180041,34,-99,1,HOH,8000,250173501031,28
57,1,8,250092055001,64,0,1,HOH,8000,250250801001,69
37,0,6,250250906002,38,0,1,HWH,8000,250250918003,93
28,1,2,250250821002,51,0,0,HWH,8000,250250804011,29
55,0,8,250250919002,93,0,1,HWH,8000,250173736001,99
33,1,11,250214226007,96,1,0,HWH,8000,250214175021,68
32,1,8,250092067003,25,0,0,HWH,8000,250250303002,83
38,0,4,250251402011,83,0,0,H,8000,250250806013,99
57,1,10,250250404011,95,0,1,HWH,8000,250173324002,54
42,1,8,250250912003,15,0,1,HOH,8000,250214123003,77
42,1,9,250214181022,79,-99,1,HWOWH,8000,250250701018,100
45,1,8,250214226005,16,0,1,HWH,8000,250173397002,25
73,1,8,250250201011,49,0,0,H,8000,250214172001,0
26,1,6,250250107021,81,0,1,HWH,8000,250173531022,90
32,1,8,250173416004,61,0,0,HWH,8000,250173563001,55
28,1,9,250173502003,42,0,0,HWH,8000,250250702003,90
25,1,6,250250002013,25,0,1,HWH,8000,250173351003,4
73,1,10,250250924001,15,3,0,HWH,8000,250250711013,35
26,1,8,250251201052,39,0,0,HWH,8000,250214003002,65
22,1,1,250250107021,5,0,1,H,8000,250250008032,2
40,1,10,250173701024,19,0,1,HOH,8000,250251104035,94
39,1,11,250173538002,65,0,0,HOH,8000,250173529002,102
52,1,11,250173335013,55,0,0,HOH,8000,250214024001,87
31,1,7,250214035003,39,-99,0,HOH,8000,250250107013,102
28,1,9,250250104051,79,0,0,HWH,8000,250214004003,94
29,1,6,250173396006,51,2,1,HWH,8000,250173524002,11
48,1,9,250250008022,86,-99,1,HOH,8000,250214025001,21
34,1,9,250214002003,50,0,1,HWH,8000,250250701011,33
28,1,4,250250817004,49,0,0,HOH,8000,250250604004,55
16,0,10,250251705012,37,0,0,HOH,8000,250250511011,59
34,1,9,250173424004,38,0,0,HOH,8000,250173415002,31
52,1,8,250173550002,76,0,0,HWH,8000,250250303003,77
18,0,8,250173322001,7,2,1,HOH,8000,250173324002,62
33,1,8,250214009002,86,3,1,HWH,8000,250214007003,96
60,0,6,250173392006,98,-99,0,HOH,8000,250250203011,0
73,1,10,250214162002,37,3,0,HWH,8000,250250203011,90
24,1,11,250214163002,49,3,1,HWH,8000,250173567027,82
56,1,11,250250610003,66,3,0,HWH,8000,250250702001,76
35,1,8,250250604002,62,0,1,HWH,8000,250250703001,81
27,1,10,250173530004,46,0,1,HOH,8000,250173524002,55
25,0,5,250250101031,100,0,1,HWH,8000,250250408013,26
55,0,7,250214010003,18,0,1,HWH,8000,250250003021,56
42,1,9,250173565004,77,-99,1,HWOWH,8000,250250001001,97
58,1,11,250250605011,10,0,0,HOH,8000,250250701013,34
40,1,3,250173571001,88,-99,0,HWH,8000,250250102043,8
29,1,7,250173373003,51,3,1,HOH,8000,250214572001,52
42,1,8,250092081013,28,0,1,HOH,8000,250259813002,64
20,0,6,250092052001,47,2,0,H,8000,250251704004,25
69,0,6,250173523001,80,-99,1,HWH,8000,250173524001,50
40,1,8,250173689012,96,0,1,HOH,8000,250250106001,84
58,1,5,250251801012,20,3,0,HWOH,8000,250251802004,1
30,1,7,250173507005,15,0,0,H,8000,250250810011,92
40,1,5,250173689011,42,0,0,HWH,8000,250250701018,29
22,1,1,250173400002,98,0,1,H,8000,250173411023,63
51,1,9,250173578004,10,0,1,HOH,8000,250251005005,63
52,0,4,250214021024,3,0,0,HWOH,8000,250214191003,20
32,0,4,250250604001,86,3,0,H,8000,250173681012,13
60,0,6,250173324001,77,0,0,HWH,8000,250250303002,96
73,1,10,250235012023,42,-99,1,H,8000,250173534002,20
61,1,11,250250709002,72,1,1,HWH,8000,250250106001,92
28,1,6,250173422011,26,0,1,HWH,8000,250250606001,15
33,1,8,250251008005,17,0,1,HWH,8000,250251009002,36
50,0,7,250214226004,80,0,1,HWH,8000,250173542002,62
23,1,6,250173501041,83,3,0,HOH,8000,250250106001,87
48,1,9,250214164004,56,0,0,HOH,8000,250214172001,89
18,0,3,250250702002,7,2,1,HWH,8000,250092083004,49
36,1,7,250251101031,94,0,0,HOH,8000,250214182002,95
60,1,7,250173747001,27,0,1,HWH,8000,250250203032,7
58,1,1,250173332003,34,0,0,HWH,8000,250173332003,100
45,1,10,250251011023,82,0,1,HOH,8000,250250909012,10
66,0,4,250173546004,56,0,0,HWH,8000,250250821002,6
33,0,5,250173704003,59,0,1,HWH,8000,250173732004,65
19,0,11,250251104011,22,0,1,HWH,8000,250092059002,64
20,0,6,250250818001,84,0,0,HOH,8000,250214180031,99
54,1,7,250173364023,64,0,1,HWH,8000,250173424004,49
29,1,7,250251701001,10,0,0,HWH,8000,250173748002,61
35,0,8,250250006012,50,-99,0,HOH,8000,250250106001,9
67,1,11,250173414003,21,0,1,HWH,8000,250173385004,51
45,1,5,250251010021,15,0,0,H,8000,250250406001,63
20,0,7,250173581003,23,2,1,HOH,8000,250173324001,34
26,1,6,250173703002,60,-99,1,H,8000,250250503001,60
58,1,9,250173540002,85,0,0,H,8000,250251402024,47
53,1,6,250251703004,37,0,0,HOH,8000,250173335013,85
26,1,6,250173547002,45,3,0,HWH,8000,250250701018,42
33,1,8,250173514042,91,0,1,HOH,8000,250173521011,34
29,1,8,250173691002,102,3,0,HWH,8000,250214006002,67
36,1,11,250250810012,45,-99,0,HOH,8000,250250801001,86
39,0,2,250092068001,102,0,0,H,8000,250250703001,91
28,1,11,250250007043,67,-99,1,H,8000,250250701018,43
48,1,11,250250923001,52,0,0,HWH,8000,250250913002,92
26,1,8,250173364023,89,0,0,HOH,8000,250173515002,55
56,0,11,250173691003,63,-99,1,HOH,8000,250173745004,24
23,1,6,250214009001,97,3,0,HOH,8000,250173524002,38
25,0,5,250173687002,24,0,1,HWH,8000,250173521021,90
68,1,7,250173396001,75,0,0,H,8000,250173524002,32
60,1,8,250214171004,80,3,0,HWH,8000,250250406001,92
30,1,8,250250408011,64,0,1,HWH,8000,250250711013,27
39,0,8,250214181012,78,0,0,HWH,8000,250250105001,80
24,1,9,250251304021,62,3,1,HWH,8000,250250203032,68
64,0,6,250251805003,0,0,0,HWH,8000,250173413002,78
65,1,8,250092011002,0,3,1,HWH,8000,250173703001,1
66,1,7,250214002002,79,0,1,HOH,8000,250250104051,6
31,1,8,250250923002,35,0,0,H,8000,250173691004,11
43,1,11,250251707021,40,3,1,HWH,8000,250250701011,35
35,1,11,250251302004,2,2,0,HWH,8000,250173523002,21
52,0,6,250251001004,12,0,1,HOH,8000,250173748002,98
63,0,8,250250005041,87,0,0,H,8000,250250107021,13
70,1,7,250173741001,41,0,1,HOH,8000,250250107021,50
53,1,9,250092061001,85,0,1,H,8000,250092055002,29
29,1,9,250250007015,58,0,0,H,8000,250250107021,35
66,1,8,250173354002,23,0,1,HOH,8000,250250203011,80
52,1,9,250173526002,12,0,1,HWH,8000,250173539003,52
33,1,6,250250901003,15,0,0,HWH,8000,250250106001,21
43,1,5,250173521012,83,0,1,HWH,8000,250250701018,78
20,0,7,250214004002,54,2,1,HOH,8000,250250008022,11
29,0,6,250251011013,20,0,1,H,8000,250250701018,11
29,1,3,250250907004,85,3,0,HOH,8000,250250701018,21
68,1,8,250173586005,15,-99,0,HOH,8000,250214010003,29
34,0,7,250173422012,56,0,1,HWH,8000,250173538004,67
52,0,8,250092062003,71,0,1,HOH,8000,250251604001,68
52,1,11,250214177014,64,0,1,HWH,8000,250250701012,55
16,0,6,250092060002,92,0,0,HOH,8000,250173510003,88
36,1,7,250250911005,76,0,0,HOH,8000,250250810011,102
70,1,5,250173538002,19,0,0,H,8000,250250203032,85
42,1,9,250250007043,52,-99,0,HWOWH,8000,250250810011,90
60,0,8,250173364023,90,0,1,H,8000,250250008032,5
23,1,6,250092061002,13,0,1,HWH,8000,250092070001,85
56,0,5,250251202012,9,0,1,HOH,8000,250251203013,2
70,0,8,250173364011,96,0,1,HWH,8000,250250612001,7
69,0,6,250250912001,30,0,1,HWH,8000,250250801001,50
49,1,6,250173506001,39,-99,1,H,8000,250173392005,1
43,1,5,250251106072,27,0,1,HWH,8000,250250701018,56
40,1,7,250173702012,55,3,0,HWH,8000,250173424004,54
26,1,7,250173423002,91,-99,0,H,8000,250250003012,57
24,1,9,250173522001,51,3,1,HWH,8000,250173515001,71
51,1,11,250173362001,57,3,1,H,8000,250250005023,30
46,1,4,250173543001,85,0,1,HOH,8000,250259813002,77
44,1,8,250250608001,46,3,0,HWH,8000,250214123003,101
57,1,11,250214225012,1,-99,0,H,8000,250250811001,17
32,1,9,250173422011,48,3,0,HWH,8000,250173413002,38
41,1,10,250214172004,1,3,1,HOH,8000,250214572001,31
61,1,6,250092011002,25,-99,1,HOH,8000,250092021022,70
18,0,8,250251707023,11,2,1,HOH,8000,250250711013,90
43,0,4,250173704005,35,0,0,H,8000,250173521021,58
34,1,9,250173702021,47,2,0,HWH,8000,250173703002,97
29,1,6,250250924004,34,0,0,HWH,8000,250250701012,15
51,1,7,250251007001,38,0,0,H,8000,250214224001,68
20,0,7,250250002022,96,2,1,HOH,8000,250250006022,7
58,1,6,250092083004,1,0,0,HOH,8000,250250107021,72
35,1,11,250250203021,0,2,0,HWH,8000,250250203032,85
45,1,9,250214226002,50,0,0,HWH,8000,250173424004,16
42,1,8,250251708001,8,0,0,HOH,8000,250259813002,53
28,1,9,250173746001,13,0,0,HOH,8000,250173732001,56
36,0,10,250251203011,49,0,0,HWH,8000,250173733002,80
42,1,8,250173335012,70,0,1,HOH,8000,250250303001,23
53,1,11,250251403005,12,0,0,HWH,8000,250250701011,97
33,1,7,250251707024,17,0,1,HWH,8000,250250701018,86
48,1,10,250092064004,29,0,1,HWH,8000,250250801001,65
33,1,9,250251604001,77,0,1,HOWOH,8000,250250504001,62
26,1,8,250173532001,7,0,0,HOH,8000,250173531022,67
58,0,8,250250903002,25,0,1,HWH,8000,250250806013,26
37,1,8,250173414003,100,0,1,HWH,8000,250173335021,64
44,1,9,250214181012,27,-99,0,HOH,8000,250250702001,11
23,1,6,250173563003,7,3,0,HOH,8000,250173324002,67
46,1,8,250173530002,85,0,0,HOH,8000,250250203011,74
34,1,1,250173332004,53,0,1,HWH,8000,250173336003,54
35,1,6,250173396001,102,2,0,H,8000,250173691004,11
27,1,7,250250507002,81,0,0,HWOH,8000,250250703004,26
33,1,10,250250201014,26,-99,0,HOH,8000,250173524002,16
62,0,7,250251009002,11,-99,1,HOH,8000,250250701012,58
66,0,6,250173701013,14,-99,1,HOH,8000,250173736002,39
41,1,9,250173393002,40,0,0,HOH,8000,250250303003,50
28,0,8,250250810011,48,0,1,HOH,8000,250250612001,62
48,1,11,250250707002,5,3,0,HOH,8000,250250701018,72
57,1,8,250173571004,46,-99,1,HOH,8000,250250606001,81
18,0,10,250251803012,24,0,1,H,8000,250173324002,21
58,1,11,250092066003,45,0,1,HWH,8000,250250203032,6
44,1,9,250173521012,82,-99,0,HOH,8000,250250106001,98
35,1,6,250250604005,39,1,0,HWH,8000,250214180031,71
44,1,8,250251203011,45,3,0,HWH,8000,250250806011,30
16,0,10,250250507003,2,0,0,HOH,8000,250250907004,76
50,1,1,250250511014,46,0,0,HOH,8000,250173544002,13
24,0,7,250173514042,91,0,0,HOH,8000,250173323005,57
74,0,5,250173575003,91,0,0,HWH,8000,250173578003,63
31,1,7,250251703001,25,-99,0,HOH,8000,250173523002,48
33,0,7,250173421022,30,-99,1,H,8000,250173354001,27
53,0,10,250251207002,79,0,1,HOH,8000,250214024006,17
33,1,10,250214022002,91,-99,0,HOH,8000,250214572001,23
18,0,3,250250005023,38,2,1,HWH,8000,250173324002,76
73,1,4,250173744005,56,0,1,HWOWH,8000,250173689011,66
20,0,6,250092071001,102,0,0,HOH,8000,250251602002,20
26,1,6,250214008002,69,0,0,HWH,8000,250250701014,41
19,0,8,250250202002,24,0,1,HOH,8000,250250106001,24
40,1,8,250251402011,79,0,1,HOH,8000,250250203032,65
58,1,7,250250901005,64,0,1,HOH,8000,250250811001,3
31,1,9,250214173002,63,0,0,HOWOH,8000,250173739001,63
55,1,11,250173391004,53,-99,1,H,8000,250173512031,22
31,1,7,250173746002,20,0,0,HWH,8000,250250701018,77
52,1,11,250250702002,20,0,0,HOH,8000,250250801001,89
29,1,10,250250806011,1,1,0,HOH,8000,250250103002,86
53,1,11,250173577002,6,0,1,HOH,8000,250173524001,81
36,1,10,250173382001,78,0,0,HWH,8000,250250703001,78
62,0,7,250092081011,98,0,0,HWH,8000,250092083004,16
29,1,10,250173415003,87,1,0,HOH,8000,250092068002,29
49,0,6,250251302004,17,0,1,HWH,8000,250251207001,43
41,1,10,250173731003,61,3,0,HOH,8000,250250606001,98
26,1,7,250214003003,100,0,1,HOH,8000,250250701011,74
41,1,7,250214006002,79,0,0,H,8000,250173733002,13
60,0,2,250173742002,30,-99,0,HWOWH,8000,250250103002,4
29,1,7,250250911005,76,0,0,HWH,8000,250250303003,76
53,0,8,250251401021,42,0,0,HWH,8000,250250408013,84
29,1,6,250250818002,51,2,1,HWH,8000,250250810011,74
30,1,7,250251003004,81,0,0,H,8000,250214023003,18
51,0,7,250214012004,87,0,0,HWOH,8000,250173523002,65
39,0,5,250251005004,86,0,1,HWH,8000,250250801001,85
18,0,8,250251402023,8,2,1,HOH,8000,250214004001,32
26,1,7,250092062003,68,0,1,HOH,8000,250251603001,26
27,1,8,250173364011,59,0,0,HWH,8000,250251606011,30
70,0,7,250173384002,18,0,0,HOH,8000,250173524002,89
36,0,7,250173425001,55,0,1,HWH,8000,250250406001,95
64,1,6,250251007002,93,0,1,HOH,8000,250235012012,30
57,1,10,250092011003,95,0,1,HWH,8000,250092084002,16
33,1,8,250250605011,24,3,1,HWH,8000,250250703001,71
73,1,10,250173525001,30,-99,1,H,8000,250173529002,21
19,0,8,250092061001,74,0,1,HOH,8000,250173424004,74
65,1,10,250173421013,18,0,1,HOH,8000,250250907004,6
53,0,8,250251010016,40,0,0,HWH,8000,250251201052,42
55,1,10,250092064003,20,0,0,HWH,8000,250092072001,91
45,1,7,250251301001,86,0,1,HWH,8000,250214002003,53
44,1,10,250173331003,75,0,1,HWH,8000,250250008032,44
40,1,5,250250924002,14,0,0,HWH,8000,250251106074,62
39,0,5,250251707011,60,0,1,HOH,8000,250259815021,62
35,1,8,250214012001,1,0,1,HWH,8000,250214153002,28
19,0,7,250250007032,5,0,0,HWH,8000,250250106002,98
42,1,8,250173418005,23,0,0,HOH,8000,250250702001,5
55,0,4,250250803001,8,0,1,HWH,8000,250250703004,28
73,1,10,250214011001,7,-99,1,H,8000,250173741001,39
34,1,9,250214005001,10,0,0,HOH,8000,250251706011,59
24,1,9,250250917003,74,3,1,HWH,8000,250214224004,1
41,1,8,250092056003,70,3,0,HWH,8000,250250406001,52
54,1,8,250251002001,65,0,1,HWH,8000,250214191001,2
25,1,9,250250007041,6,-99,0,H,8000,250250707001,3
29,1,8,250173702022,86,0,1,H,8000,250173701025,50
55,0,6,250259815011,7,0,0,HWH,8000,250250921014,52
61,1,9,250250813003,3,0,1,HOH,8000,250173703002,28
35,1,9,250250701014,70,0,1,HWH,8000,250250701018,79
51,0,6,250250107021,24,0,1,HOH,8000,250173322004,72
29,1,8,250173398021,84,3,0,HWH,8000,250173398011,80
65,1,5,250250406001,72,-99,0,HWH,8000,250250203011,10
34,1,9,250250911002,18,2,0,HWH,8000,250250102032,91
36,0,10,250251601012,22,0,0,HWH,8000,250173546004,95
47,1,9,250173421014,91,0,0,HWH,8000,250250203011,3
60,0,6,250250604002,14,0,0,HWH,8000,250173531022,2
66,0,6,250214123004,47,-99,1,HOH,8000,250250702001,73
51,0,4,250092047013,81,0,1,H,8000,250250810011,56
55,0,8,250214178014,102,0,0,HOH,8000,250250008022,36
23,1,6,250173423001,102,0,1,HWH,8000,250173681012,80
53,1,6,250250920001,53,0,0,HOH,8000,250250103002,97
28,1,10,250214010002,96,3,0,HOH,8000,250250408013,87
55,1,11,250251606025,8,0,1,HOH,8000,250251604002,45
60,1,7,250250108021,42,0,1,HWH,8000,250250107021,28
61,1,11,250173336001,90,1,1,HWH,8000,250250006023,81
30,1,7,250173415005,51,0,0,H,8000,250173381001,27
34,0,2,250173733002,84,3,1,HWH,8000,250250303003,74
23,1,2,250173425001,70,0,0,H,8000,250251605022,2
24,1,5,250173688003,70,0,0,HWH,8000,250250701018,38
32,1,8,250173691003,81,0,0,HWH,8000,250173521021,39
24,0,7,250173737004,57,0,0,HOH,8000,250250701011,55
39,1,11,250173578004,94,0,0,HOH,8000,250250701018,16
49,0,7,250250404011,70,0,0,HWOH,8000,250214172001,93
28,1,9,250250811001,63,0,0,HWH,8000,250250806013,22
54,1,8,250092054001,102,0,1,HWH,8000,250092062003,25
43,1,7,250251404003,73,0,0,HOH,8000,250250702003,102
31,1,8,250214011001,3,0,0,H,8000,250250303002,65
50,0,5,250214005001,61,0,1,HWH,8000,250250103002,27
48,0,8,250173502004,55,0,1,HOH,8000,250250612001,29
43,1,5,250214021012,65,3,0,HWH,8000,250173742002,79
26,1,6,250214181011,36,3,0,HOH,8000,250214177014,66
51,0,3,250214180043,57,0,0,HOH,8000,250250103002,75
66,1,8,250250004013,79,0,0,HWH,8000,250250008032,85
29,1,10,250250102043,99,1,0,HOH,8000,250250107021,31
16,0,10,250214021022,60,0,0,HOH,8000,250214024001,95
45,1,7,250250705003,12,0,1,HWH,8000,250250702001,58
32,1,10,250250507001,93,3,0,HWH,8000,250250001001,51
57,1,8,250173566021,55,-99,1,HOH,8000,250250203032,10
23,1,6,250214182003,34,3,0,HOH,8000,250251207001,80
38,1,9,250251703002,50,0,1,HWH,8000,250250806013,25
65,0,6,250251304042,0,0,1,HWH,8000,250214003003,49
42,0,7,250214175014,73,0,1,HWH,8000,250214177013,13
39,1,11,250251703001,94,0,0,HOH,8000,250250103002,92
70,0,7,250250107023,86,0,0,HOH,8000,250250203021,79
32,1,6,250173401001,61,0,0,HOWOH,8000,250173392003,78
32,1,10,250173689022,69,0,1,HWH,8000,250173524002,83
28,1,2,250251304025,96,0,0,HWH,8000,250250711013,20
49,1,8,250251002003,83,0,1,HOH,8000,250251401023,52
45,1,10,250092059002,92,0,0,HOH,8000,250250303003,71
60,0,2,250173691001,3,-99,0,HWOWH,8000,250250102042,60
33,1,8,250173394002,55,0,0,HWH,8000,250250701018,69
31,1,2,250214021022,32,0,1,HWH,8000,250250107021,95
33,1,8,250092084004,82,0,1,HWH,8000,250173398021,26
29,1,7,250250708002,97,3,1,HOH,8000,250250701011,8
55,0,5,250173739002,39,0,1,H,8000,250250810011,34
24,1,11,250173539003,72,3,0,HOH,8000,250250707001,14
43,1,5,250235001011,25,3,0,HWH,8000,250214182003,102
26,1,8,250092061001,87,3,1,HOH,8000,250092061001,98
59,1,10,250092011004,88,0,0,HWH,8000,250092060002,33
20,0,11,250214191003,58,-99,1,H,8000,250235012023,76
60,1,6,250214176021,20,-99,1,H,8000,250251302002,56
35,1,8,250250408013,83,0,1,HWH,8000,250259812021,53
70,1,7,250173538001,70,0,1,HWH,8000,250173421012,16
28,1,9,250173564002,4,0,0,HWH,8000,250214041001,23
49,1,6,250173416003,90,3,0,HWH,8000,250173748002,74
44,1,9,250251008002,52,-99,0,HOH,8000,250250907004,47
63,1,9,250173324002,96,0,1,HWH,8000,250173584002,87
25,1,6,250250004011,49,0,1,HWH,8000,250250102032,102
41,1,10,250173502004,18,0,1,HWH,8000,250173701024,57
53,1,8,250250901002,19,0,1,HOH,8000,250173748002,99
59,1,8,250173583001,36,0,1,HWH,8000,250173584004,15
32,1,9,250250406002,86,3,1,HWH,8000,250250701011,65
49,0,3,250251011022,75,0,0,HWH,8000,250250106001,51
58,1,9,250173540002,17,0,0,HOH,8000,250250203011,39
44,1,11,250214194003,45,0,0,HOH,8000,250173703003,19
21,0,4,250214010003,96,0,0,HWH,8000,250214005003,60
28,1,4,250173567013,55,0,0,HOH,8000,250173515001,42
21,0,3,250173515002,31,2,0,HWH,8000,250173540003,65
34,0,9,250092065003,98,0,1,H,8000,250092083001,29
44,1,6,250173361003,90,0,0,H,8000,250250605012,84
22,1,11,250173689013,15,0,0,HOH,8000,250173691004,37
74,0,5,250250102043,80,0,0,HWH,8000,250250008032,47
58,1,10,250173740003,44,0,0,HWH,8000,250250104041,51
73,1,4,250214123001,37,0,1,HWOWH,8000,250250712011,46
37,0,6,250173511002,49,0,1,HWOWH,8000,250250008032,100
45,1,10,250251204005,48,0,1,HOH,8000,250250701011,12
34,0,7,250250801001,85,0,1,HWH,8000,250250801001,90
33,1,10,250173322004,62,-99,0,HOH,8000,250173323005,7
48,1,11,250250509013,12,3,0,HOH,8000,250251604001,3
59,0,10,250250503002,10,0,1,HWH,8000,250214181012,41
54,1,10,250173421012,10,0,0,HOH,8000,250250103002,36
32,1,6,250251403005,38,0,0,HOWOH,8000,250173732003,88
60,0,7,250250801001,95,0,0,HOH,8000,250250811001,14
70,0,7,250251606023,19,0,1,HWH,8000,250250701018,10
47,1,10,250251104034,14,0,0,H,8000,250250806011,19
33,1,7,250214031002,91,0,1,HOH,8000,250250701018,4
44,1,7,250250104031,86,-99,1,H,8000,250250203032,94
29,1,7,250173501044,15,0,0,HWH,8000,250173501031,11
28,0,8,250092056003,94,0,1,HOH,8000,250250701018,24
23,0,6,250173418002,87,0,0,HWH,8000,250173335013,45
49,1,6,250092022004,9,-99,1,H,8000,250250202003,33
27,1,8,250250610002,21,0,0,HWH,8000,250173335013,67
28,1,6,250173395001,77,0,1,HOWOH,8000,250092070001,89
33,1,9,250173354004,44,2,1,HWH,8000,250250303002,59
30,1,10,250251105011,73,3,1,HWH,8000,250250008023,15
37,0,8,250173687001,29,0,1,HWH,8000,250173515002,41
20,0,5,250173533002,19,0,0,HOH,8000,250173531022,89
32,1,11,250173701025,70,3,1,HWH,8000,250173546004,68
66,0,4,250214177013,25,0,0,HWH,8000,250250502001,86
40,1,10,250173413003,49,0,1,HOH,8000,250251011021,35
30,1,8,250173534002,88,0,1,HOH,8000,250250704021,82
35,1,10,250173735004,54,0,1,HWH,8000,250250303003,5
16,0,10,250214012001,27,0,0,HOH,8000,250173537004,74
20,0,7,250250005032,59,0,1,HWH,8000,250250806013,13
57,0,8,250250915002,84,0,0,HWH,8000,250173412003,53
53,1,9,250251202012,25,0,0,H,8000,250250704021,14
44,1,11,250173421012,86,0,0,HOH,8000,250173515001,82
53,0,6,250173512041,53,-99,0,HOH,8000,250214172001,30
55,1,11,250173583001,44,0,1,HOH,8000,250173531022,61
37,0,8,250250005042,38,0,1,HWH,8000,250173531012,29
36,0,9,250092052001,51,0,0,H,8000,250250107021,96
44,1,9,250214227002,61,-99,0,HOH,8000,250250702003,72
19,0,11,250250403003,36,0,1,HWH,8000,250250203011,13
30,1,7,250173566012,87,0,1,HWH,8000,250092055002,41
42,0,5,250250916001,52,3,0,HWH,8000,250250907003,5
53,1,9,250173704005,15,0,0,H,8000,250250406001,54
43,1,8,250251011023,69,2,1,HWH,8000,250173522001,83
54,1,10,250251605022,75,0,1,H,8000,250250509011,9
59,1,8,250173335022,97,0,1,HWH,8000,250173382001,80
56,0,5,250251701002,79,-99,1,HWH,8000,250250612002,55
36,0,7,250214226004,88,0,1,HWH,8000,250250914002,62
68,1,7,250173528002,81,0,0,H,8000,250250303001,17
33,1,8,250251401051,77,0,1,HWH,8000,250250103002,32
18,0,10,250173510006,62,0,1,H,8000,250251204005,34
33,1,8,250173586001,13,3,1,HWH,8000,250173523001,67
29,1,6,250251708004,49,0,0,HWH,8000,250173542002,23
55,0,6,250173585003,54,0,0,HWOH,8000,250173522001,51
34,1,9,250251105013,40,0,1,HWH,8000,250250810011,77
58,1,11,250250008024,85,0,0,HOH,8000,250250701018,38
26,1,6,250251204005,4,3,0,HOH,8000,250250612001,39
41,1,10,250251011022,75,3,1,HOH,8000,250250702003,25
60,1,7,250173384002,1,0,1,HWH,8000,250173334001,88
54,1,8,250214174003,92,0,0,HWH,8000,250214177013,2
66,1,11,250092061002,16,0,0,HWH,8000,250251403003,6
50,0,5,250251203014,57,0,1,HWH,8000,250250104051,36
34,1,7,250092061001,45,2,0,HWH,8000,250251702002,54
48,1,10,250250821003,79,0,1,HWH,8000,250250708003,16
30,1,5,250250921015,79,0,0,HWH,8000,250250711013,47
48,1,2,250173383003,40,0,1,HWH,8000,250173523001,86
59,0,6,250173741003,99,0,1,HWH,8000,250173398021,30
55,0,8,250250202001,16,0,0,HOH,8000,250250703001,49
52,0,7,250251605023,1,0,1,HWH,8000,250251106074,0
26,1,7,250173528001,8,-99,0,H,8000,250173532001,87
70,1,5,250250809001,10,0,0,H,8000,250250203011,102
65,1,10,250251205002,74,0,1,H,8000,250173741001,88
62,1,8,250173363005,24,0,1,H,8000,250173334001,34
29,1,6,250251303003,42,2,1,HWH,8000,250214572001,49
35,0,8,250251005002,23,-99,0,HOH,8000,250250701018,1
39,1,6,250092058003,51,0,1,HWOH,8000,250092069003,7
26,1,8,250251105022,42,3,1,HWH,8000,250250107021,64
26,1,8,250173396006,28,0,0,HWH,8000,250173393003,7
43,0,4,250092021022,72,0,0,H,8000,250092070001,5
49,1,11,250250203012,90,0,0,HOH,8000,250250701011,54
48,1,9,250173501041,1,0,0,HOH,8000,250173335013,17
35,1,11,250173701025,92,2,0,HWH,8000,250250303001,14
49,0,3,250250203012,43,0,0,HWH,8000,250250606001,8
33,1,7,250092081022,38,0,1,HOH,8000,250250813002,37
25,0,6,250173566011,90,2,1,HWH,8000,250250303002,27
21,0,4,250250920003,20,0,0,HWH,8000,250259813002,8
28,1,9,250250918001,6,0,0,HOH,8000,250250606001,86
27,1,8,250250809002,74,0,0,HWH,8000,250250103002,50
37,0,6,250214176023,57,0,1,HWH,8000,250250701011,0
44,1,8,250173399005,72,0,1,HWH,8000,250173393003,58
73,1,11,250214008003,79,0,0,HWH,8000,250251201053,18
53,0,10,250214031005,4,0,1,HOH,8000,250250106001,15
35,1,10,250214176023,14,0,1,HWH,8000,250214191001,50
49,0,7,250214176012,63,0,0,HWOH,8000,250250103001,5
56,1,10,250173701021,33,0,0,HWH,8000,250173740002,25
51,1,11,250214179021,101,3,1,H,8000,250250008032,40
43,1,9,250173567011,42,0,1,HWH,8000,250173515002,82
44,1,8,250173735002,44,3,0,HWH,8000,250173733002,11
25,0,5,250250904001,46,0,1,H,8000,250250701018,12
25,0,6,250173746002,101,0,1,HWH,8000,250173681012,85
68,1,11,250251403001,45,3,0,HOH,8000,250251201031,77
33,1,4,250173511001,69,3,1,H,8000,250173511005,94
32,1,11,250250921014,77,3,1,HWH,8000,250250708001,62
67,0,1,250173571004,75,-99,1,HOH,8000,250173578003,71
49,1,11,250214004002,48,0,0,HOH,8000,250250103002,21
29,1,6,250250924001,94,0,0,HWH,8000,250250303001,102
28,1,4,250173510006,63,0,0,HOH,8000,250173382001,84
48,0,3,250173532001,47,0,1,HWH,8000,250173531022,20
58,0,8,250173400003,45,0,1,HWH,8000,250173395002,22
35,1,9,250214021011,80,-99,1,H,8000,250250711013,53
38,1,11,250250507001,82,0,1,HWH,8000,250173748002,84
28,1,1,250250702003,64,-99,0,HOWOH,8000,250250606001,56
25,0,7,250251801012,88,0,1,HWH,8000,250251403003,26
43,1,5,250173416001,60,3,0,HWH,8000,250250707001,50
62,1,11,250173538001,20,3,1,H,8000,250173691004,77
37,1,10,250092081021,1,0,0,HWH,8000,250250107021,53
45,1,10,250251707011,47,0,0,HOH,8000,250173685003,0
37,0,8,250214182001,3,0,1,HWH,8000,250250106001,94
28,1,6,250173422021,52,0,1,HOWOH,8000,250250701018,22
55,0,8,250173745005,18,0,0,HOH,8000,250173546003,10
29,1,9,250251304041,66,0,0,H,8000,250214035001,87
53,1,6,250251004002,22,0,0,HOH,8000,250214191001,83
25,1,9,250251203014,49,-99,0,H,8000,250092070001,19
35,1,10,250214033003,62,0,1,HWH,8000,250214035002,19
60,0,7,250214224005,9,0,0,HWH,8000,250214224002,98
54,1,8,250251206001,55,0,1,HWH,8000,250173524002,48
43,1,11,250251104012,68,3,1,HWH,8000,250173521021,5
26,1,8,250173422011,76,0,1,HWH,8000,250173422012,42
38,1,8,250251011013,44,0,1,HWH,8000,250250711013,48
51,0,7,250251801011,46,0,0,HWOH,8000,250250408013,92
26,1,8,250173531023,76,3,1,HOH,8000,250173531022,31
32,1,9,250173746001,1,3,1,HWH,8000,250250606001,45
43,1,10,250173372022,31,0,1,HOH,8000,250250606001,17
36,0,7,250173381001,55,0,1,HWH,8000,250173524002,102
55,0,8,250214033003,63,0,1,HWH,8000,250173703002,91
20,0,7,250250201014,69,0,1,HWH,8000,250250203011,23
33,1,9,250250005024,18,2,1,HWH,8000,250250106001,53
30,1,8,250214176023,95,0,0,HOH,8000,250173531011,93
55,0,6,250173689021,34,0,0,HWOH,8000,250251204003,80
43,1,9,250173503002,59,0,1,HWH,8000,250173509003,19
43,1,11,250214023001,27,3,1,HWH,8000,250250704021,31
20,0,6,250173501044,97,2,0,H,8000,250173501031,17
63,1,7,250250404011,71,0,1,HWH,8000,250173584001,24
19,0,11,250250813003,58,0,1,HWH,8000,250250803001,46
49,1,7,250173521021,65,0,0,HWH,8000,250250106001,10
39,0,7,250251404001,49,0,1,HWH,8000,250250303004,67
26,1,8,250173549001,71,3,1,HOH,8000,250250303003,85
59,1,8,250251403001,16,0,1,HWH,8000,250250712011,7
27,0,3,250250708002,99,-99,0,HOH,8000,250250106001,99
23,1,8,250251605022,21,0,0,HOH,8000,250250107013,15
70,0,8,250173534001,22,0,1,HWH,8000,250173531022,21
54,1,9,250250006014,74,0,0,HWH,8000,250173736002,22
66,1,8,250251010013,37,0,0,HWH,8000,250251005005,20
28,1,11,250250904004,32,-99,1,H,8000,250250202001,89
47,0,4,250173549003,49,0,1,H,8000,250173524001,57
29,1,6,250214035001,34,2,1,HWH,8000,250214006003,91
52,1,8,250173510001,26,0,0,HWH,8000,250173537004,24
37,0,8,250173512043,6,0,1,HWH,8000,250173523002,32
26,1,8,250173414004,34,0,1,HWH,8000,250173513003,67
36,0,7,250092068002,4,0,1,HWH,8000,250251606021,30
34,1,9,250251705021,79,2,0,HWH,8000,250250701018,41
73,1,10,250173333003,83,3,0,HWH,8000,250173332004,80
45,1,8,250173545003,14,0,1,HWH,8000,250173546004,93
44,1,7,250250104033,77,0,0,H,8000,250250103002,34
56,0,5,250173541003,101,-99,1,HWH,8000,250250701018,85
40,1,3,250250502001,91,-99,0,HWH,8000,250250701018,65
56,0,8,250173565001,59,0,1,HWH,8000,250173567014,52
33,1,11,250251006014,34,0,0,HWH,8000,250173521021,15
61,1,6,250214173002,0,-99,0,HOH,8000,250173501031,92
38,0,5,250250921015,12,0,1,HOH,8000,250250911001,70
62,1,8,250173371023,66,0,1,HWH,8000,250173324002,16
50,1,8,250173384004,93,-99,0,HOH,8000,250173586004,68
70,1,5,250173578003,98,0,0,HOWOH,8000,250259812021,41
62,0,7,250092059002,85,0,0,HWH,8000,250173336003,43
54,0,5,250250203021,27,0,1,H,8000,250173336003,43
54,1,11,250173396001,60,-99,1,HOH,8000,250250106001,32
48,1,2,250173587002,80,3,1,HWH,8000,250173372023,20
45,1,11,250250919002,58,2,1,HWH,8000,250250606001,93
31,1,9,250173353011,101,0,0,HOWOH,8000,250250303003,49
33,1,11,250251706012,47,0,0,HWH,8000,250250008024,64
24,1,9,250250808011,61,3,1,HWH,8000,250250703001,23
50,1,6,250173521021,46,0,1,HWH,8000,250173741002,22
63,0,6,250214033003,58,0,0,H,8000,250250006023,81
70,0,7,250173563006,19,0,1,HWH,8000,250250909012,24
29,1,8,250173364011,83,0,1,H,8000,250250203032,57
23,1,8,250173740002,14,3,0,HWH,8000,250250701018,31
62,1,11,250173361002,81,3,1,HWH,8000,250250702003,3
48,1,11,250173414003,17,0,0,HWH,8000,250250303004,66
70,1,10,250173394001,99,-99,1,HOH,8000,250250001001,71
53,1,11,250251702001,91,0,0,HWH,8000,250251706011,89
34,1,9,250173504002,58,3,0,HWH,8000,250250707001,84
28,1,6,250250509011,7,0,1,HOWOH,8000,250250203032,23
58,1,6,250173522001,13,-99,0,HOH,8000,250173521021,42
42,0,7,250251401021,63,0,1,HWH,8000,250250303001,98
25,1,11,250214177012,99,3,1,HWH,8000,250214180031,89
30,1,10,250173354002,95,3,1,HWH,8000,250250203011,80
21,0,3,250173733001,35,2,0,HWH,8000,250173508001,79
30,1,10,250173385004,60,3,1,HWH,8000,250173382002,54
46,1,10,250173413001,50,-99,0,HOH,8000,250250406001,88
45,0,6,250250203032,18,0,0,HWH,8000,250250408013,65
26,1,8,250173334004,98,0,0,HWH,8000,250173335013,83
33,0,5,250173398021,38,0,1,HWH,8000,250173531022,96
26,1,8,250173537002,97,3,1,HWH,8000,250173524002,61
45,1,10,250173688003,102,0,0,HOH,8000,250250203032,99
45,0,8,250173371012,69,0,0,HOH,8000,250250303004,45
35,1,10,250173578004,48,0,0,HWH,8000,250173689011,100
70,1,5,250250506001,23,0,0,H,8000,250173531012,56
23,1,6,250173567023,68,0,1,HWH,8000,250173523002,63
45,1,10,250251003003,100,0,0,HOH,8000,250250702003,69
55,0,4,250173361002,0,0,0,HWH,8000,250173413003,99
38,1,10,250251005002,93,0,0,HWH,8000,250214191001,53
53,1,6,250251103012,45,0,0,HOH,8000,250251106073,59
49,1,10,250173731005,48,0,1,HWH,8000,250250701018,14
53,1,9,250092061001,69,0,0,H,8000,250250106002,55
54,1,11,250259815021,20,-99,1,HOH,8000,250251604002,79
51,0,6,250173533002,22,0,1,HOH,8000,250250008032,80
25,0,5,250214226005,65,0,1,HWH,8000,250214041001,41
30,0,7,250251303001,33,-99,0,H,8000,250251106074,48
53,1,11,250214024004,61,0,1,HOH,8000,250214173001,64
32,1,7,250250910014,17,0,0,HWH,8000,250250102043,100
64,0,2,250173741003,38,0,1,HOH,8000,250250303003,67
60,0,7,250173577004,43,0,0,HWH,8000,250173577001,91
33,0,4,250092066002,37,0,1,H,8000,250251802003,0
48,1,8,250251005004,89,0,0,HWH,8000,250250702003,50
33,1,9,250092082004,92,2,1,HWH,8000,250173423003,102
19,0,11,250092052002,89,0,1,HWH,8000,250092070001,56
51,0,3,250214228002,61,0,0,HOH,8000,250214012002,17
43,1,5,250214225022,25,3,0,HWH,8000,250214177014,82
25,1,6,250214003002,28,0,1,HWH,8000,250250810011,24
53,0,5,250173507005,81,-99,0,HOH,8000,250250001001,0
49,0,6,250173416006,70,0,1,HWH,8000,250250810011,68
