,age,bachelor_degree,hh_income,home_GEOID,home_geo_index,main_mode,male,motif,pop_per_sqmile_home,work_GEOID,work_geo_index
0,53,1,6,250250810012,5044,0,0,HOH,1500,250250808011,2396
1,34,0,9,250173510004,10035,0,1,H,1500,250250701018,597
2,62,0,7,250214163002,7762,-99,1,HOH,1500,250250702003,8617
3,17,0,9,250173423001,8020,2,1,HOH,7000,250173363007,12200
4,48,1,8,250250102033,7412,-99,0,HOH,7000,250250107011,2360
5,33,0,4,250251106074,5182,3,1,HOH,17000,250250806013,17128
6,17,0,9,250173578001,6388,2,1,HOH,7000,250235012023,6120
7,77,1,9,250214161012,15309,-99,0,H,1500,250214176012,15161
8,16,0,5,250173742002,16779,0,1,HOH,750,250250606001,1257
9,54,1,11,250173508001,5101,0,0,HOH,17000,250250103002,12195
10,40,1,8,250173336001,12136,0,1,HOH,300,250173336003,3455
11,35,1,9,250173504005,6035,0,1,HWH,7000,250173523002,13549
12,52,1,6,250251010021,13978,0,0,HWOH,3000,250173703005,8267
13,27,0,3,250173583002,13624,-99,0,HOH,7000,250250606001,3379
14,24,1,11,250250812002,5045,3,0,HOH,30000,250214035001,2419
15,51,0,6,250251605023,774,0,1,HOH,750,250251604002,1810
16,52,0,8,250251702002,2263,0,1,HOH,1500,250251704001,7435
17,45,1,7,250173529002,206,0,1,HWH,1500,250250801001,11724
18,43,1,11,250250921013,1198,3,1,HWH,17000,250214191001,2226
19,29,1,5,250214164007,17020,0,0,HOH,7000,250250603011,13030
20,61,1,1,250250911003,3961,0,1,HWH,1500,250173529001,2733
21,42,1,8,250250922003,4221,0,1,HOH,750,250092069003,57
22,55,1,11,250173704001,1170,0,0,HOH,1500,250250701018,16898
23,68,1,7,250173686004,3971,0,0,H,3000,250173701023,2138
24,28,1,9,250214194003,6627,3,1,HWH,17000,250214180031,16929
25,48,0,3,250173507001,14003,0,0,HOH,17000,250250606001,16020
26,31,1,7,250173371012,7154,-99,0,HOH,3000,250250203011,3316
27,55,0,7,250173574003,5833,0,1,HWH,300,250173511004,5450
28,44,1,9,250251008003,5788,-99,0,HOH,1500,250173324002,17931
29,35,0,8,250250301001,8068,0,0,HWH,750,250173334001,2143
30,35,1,11,250250814001,5459,2,0,HWH,30000,250173747001,2862
31,45,1,10,250250711012,6987,3,0,HOH,1500,250235011024,10576
32,43,1,11,250173567011,7075,2,1,HWH,30000,250173584004,11516
33,66,0,4,250214182002,13275,0,0,HWH,1500,250250203021,3105
34,31,1,9,250251401051,13579,0,0,HOWOH,750,250251304023,2066
35,54,1,10,250173512041,8902,0,1,H,1500,250250810011,10423
36,32,1,11,250250606001,3822,3,1,HWH,30000,250214180041,8287
37,51,1,6,250251011013,1239,-99,1,HOH,7000,250250810011,3791
38,26,1,7,250251603002,1583,-99,0,H,7000,250250510002,15875
39,57,1,8,250250610003,5741,0,1,HOH,7000,250250304001,17364
40,35,1,9,250173737004,7549,-99,1,H,750,250173741001,1957
41,35,1,10,250250105003,2663,0,0,HWH,7000,250250703001,16458
42,25,0,7,250250818002,5710,0,1,HWH,750,250214035001,7324
43,72,0,6,250214034003,1758,0,0,HWH,1500,250251707024,1940
44,42,1,10,250259811004,11676,3,1,H,1500,250250806013,4936
45,42,1,9,250250002024,6042,-99,0,HWOWH,300,250173324002,11593
46,36,0,9,250173745002,8851,0,0,H,1500,250214033001,6724
47,58,1,11,250250907003,17501,0,1,HWH,300,250251401051,16602
48,38,0,4,250214171002,10115,0,0,H,1500,250214227001,2619
49,58,0,7,250173335022,8461,0,1,HOH,3000,250173511005,13081
50,50,0,1,250250002022,10006,0,1,H,1500,250250303002,6678
51,32,1,8,250173746003,15843,0,0,HWH,7000,250173524002,1241
52,49,1,11,250173546001,16354,3,1,HWH,750,250250303004,4054
53,35,1,10,250173567022,7165,0,0,HWH,7000,250250701018,4647
54,63,1,6,250092057002,16571,0,0,HWOH,750,250173372023,14670
55,59,1,8,250251105011,15590,0,1,HWH,1500,250214035001,11971
56,39,0,5,250251606021,11112,0,1,HWH,750,250250909012,941
57,47,1,9,250214176014,10558,0,1,H,750,250250702003,769
58,34,0,7,250173741002,10145,0,1,HWH,3000,250250008032,4312
59,35,1,6,250251006011,9527,1,0,HWH,7000,250251604002,6067
60,25,0,6,250250709001,3964,2,1,HWH,3000,250250812001,8260
61,17,0,5,250173731001,15091,0,1,HWH,1500,250173735004,16058
62,66,1,8,250251104035,16059,0,1,HWH,1500,250173748002,3076
63,23,1,4,250173681012,10551,0,1,HWH,17000,250173691004,11957
64,28,1,10,250250919001,9959,1,1,HOH,17000,250214175021,9645
65,46,1,10,250214177021,5533,-99,0,HOH,1500,250250606001,2387
66,66,1,8,250173324002,1757,0,0,HWH,300,250173324001,8455
67,38,1,6,250173416006,6727,0,0,H,300,250214041001,5545
68,30,0,4,250250511013,2027,0,0,H,1500,250259813002,18418
69,58,1,7,250214007001,4432,0,1,HOH,1500,250173501043,16184
70,34,0,9,250250804011,15001,0,1,H,1500,250250701011,1071
71,40,1,6,250250906001,12665,0,0,HWH,17000,250250203032,5568
72,62,1,11,250173737003,6034,3,1,HWH,7000,250250702001,11776
73,28,1,10,250250008025,7514,1,1,HOH,17000,250250105001,6302
74,40,1,10,250173422021,14051,0,1,HOH,7000,250250104051,7977
75,42,1,8,250251203011,8247,0,0,HOH,3000,250251201051,1093
76,58,1,6,250092054002,6491,0,0,HOH,7000,250250107021,6003
77,55,0,4,250214193003,8952,0,0,HWH,750,250250008032,3338
78,29,1,5,250173525002,14738,0,0,HWH,7000,250173531021,18818
79,39,0,5,250251104011,7118,0,1,HOH,17000,250251207001,11294
80,19,0,11,250250707001,10107,0,1,HWH,750,250250701018,5629
81,52,0,7,250173739004,2806,0,1,HWH,300,250250806013,8114
82,51,1,7,250173422011,257,0,0,H,750,250250701013,17311
83,17,0,5,250250604001,16053,0,1,HWH,1500,250250303003,6872
84,20,0,7,250173416004,5157,0,1,HWH,3000,250092070001,15290
85,54,0,5,250250505001,17298,0,1,H,1500,250250303002,17129
86,31,1,8,250173373001,16006,0,0,HWH,7000,250173515002,6184
87,48,1,2,250214193001,579,0,1,HWH,7000,250214172001,9061
88,48,0,2,250250406002,5000,0,0,HWH,750,250173584001,2815
89,28,1,9,250173371011,6046,0,0,H,7000,250173584001,7671
90,55,0,10,250092052001,2549,0,1,HWH,1500,250092054003,31
91,28,1,9,250173372021,10351,0,0,HOH,3000,250173335022,14737
92,33,1,8,250173384003,9705,0,0,HWH,7000,250250408013,3494
93,45,1,10,250251402022,7410,0,0,HOH,7000,250214161013,5992
94,43,1,11,250214175011,1342,1,0,HWH,30000,250250604005,5272
95,47,1,6,250250606001,8498,0,1,HWH,750,250250701018,2557
96,63,0,8,250173392004,4005,0,0,H,7000,250250604005,5602
97,23,1,8,250173323005,234,0,0,HOH,300,250173324002,15589
98,26,1,6,250173412006,12976,-99,1,H,17000,250250810011,10632
99,38,1,10,250173416002,2642,0,0,HOH,750,250250810011,11135
100,30,1,9,250214191002,17088,0,1,HWH,300,250250702003,981
101,54,1,6,250173396002,8358,0,0,HOH,750,250173530004,3217
102,68,1,7,250173741002,15934,0,0,H,3000,250173741003,10440
103,36,1,7,250173528002,5970,0,1,HWH,7000,250173511005,13627
104,29,1,6,250250919003,16333,2,1,HWH,17000,250250701015,14867
105,39,0,2,250250924003,19,0,0,H,750,250250811001,1541
106,54,1,8,250173738002,7989,0,1,HWH,750,250173531022,4940
107,33,0,5,250173362006,5528,0,1,HWH,300,250250707001,1653
108,50,0,5,250173576002,15989,0,1,HWH,1500,250173740002,1904
109,48,1,10,250214025002,8057,0,1,HWH,1500,250173501031,1984
110,42,1,9,250214031003,4907,-99,0,HWOWH,300,250173733002,3897
111,23,1,8,250173703003,13498,0,0,HOH,300,250214122002,14838
112,63,1,10,250173331005,9927,3,1,HOWOH,1500,250173586004,18269
113,26,1,6,250173741002,6991,0,1,HWH,3000,250173740002,2706
114,70,1,7,250214161014,8032,0,1,HOH,750,250250711013,6828
115,28,1,6,250251605012,15040,2,0,HWH,30000,250251802004,12179
116,38,0,5,250173322001,9453,0,1,HOH,7000,250173334001,6412
117,33,1,9,250173742002,14970,2,1,HWH,17000,250173531011,17845
118,37,1,10,250250821003,1142,0,0,HWH,3000,250250902001,9141
119,29,1,8,250173514035,15976,3,0,HWH,17000,250214008002,2603
120,43,1,9,250214021023,6675,0,1,HWH,3000,250173507005,3119
121,41,1,8,250250708003,9263,3,0,HWH,3000,250250107021,3381
122,52,1,6,250173424001,15951,0,0,HWOH,3000,250214004002,8745
123,32,1,10,250173546002,9158,0,1,HWH,1500,250173531012,14972
124,39,1,11,250173701011,8434,0,1,HOH,7000,250173335013,723
125,46,0,6,250250106001,14986,0,0,HOH,300,250251011013,10413
126,62,1,11,250214003003,16843,3,1,HWH,7000,250214004001,10447
127,47,1,11,250251007001,6441,0,0,HOH,750,250173421012,8063
128,32,1,7,250251104012,12117,0,0,HWH,1500,250250406001,2152
129,55,0,10,250251201031,2461,0,1,HWH,1500,250173522001,17386
130,18,0,9,250251304062,1818,0,1,H,1500,250251402012,7128
131,39,1,6,250092054002,6647,0,1,HWOH,3000,250250702001,16234
132,19,0,8,250250501011,2017,0,1,HOH,750,250250008032,13520
133,60,0,7,250173362005,15373,0,1,HWH,1500,250173362004,6809
134,37,0,8,250214180043,10378,0,1,HWH,7000,250250701012,7217
135,27,0,3,250250202001,5937,-99,0,HOH,7000,250250303003,13710
136,30,1,11,250250604001,2768,0,0,HWH,1500,250173524002,5054
137,54,1,7,250250107012,12109,0,1,HWH,3000,250250107021,5458
138,41,1,7,250250921011,1161,0,0,H,750,250250701018,6682
139,28,1,9,250173578002,13672,0,1,HWH,300,250250810011,15023
140,35,1,9,250173371022,6317,-99,1,H,750,250173391001,497
141,37,1,10,250173383002,12947,0,0,HWH,3000,250173685003,18230
142,59,0,3,250214007002,16802,3,0,HOH,30000,250173733002,6148
143,39,1,11,250173527002,11373,0,1,HOH,7000,250173549003,4727
144,45,1,11,250173509001,10337,2,1,HWH,30000,250214572001,193
145,49,1,11,250173423004,5036,3,1,HOH,17000,250250810011,1964
146,27,1,10,250250003022,18972,0,1,HOH,7000,250250910012,4897
147,30,1,8,250251401061,14891,0,1,HWH,3000,250173521021,10566
148,52,1,11,250214175024,16535,0,1,HWH,7000,250250008032,18135
149,54,1,9,250173576002,1479,0,0,HWH,1500,250173381001,14870
150,40,1,5,250250604005,17049,0,0,HWH,3000,250250804011,2115
151,47,1,9,250214174003,1381,0,0,HWH,750,250250907004,18931
152,48,1,8,250173745001,3935,0,0,HWH,1500,250250909012,3065
153,33,1,10,250214041001,5024,-99,0,HOH,1500,250173586003,13221
154,16,0,10,250251802001,10708,0,0,HOH,1500,250259812021,8153
155,62,0,6,250251404006,5165,0,1,HWH,300,250173522001,1929
156,60,1,8,250251401052,1591,0,1,HWH,17000,250251401052,14697
157,74,1,7,250173747001,3344,0,1,H,300,250173731005,3848
158,36,0,9,250250902003,16877,-99,1,H,7000,250250107021,7277
159,64,1,11,250173384002,15459,-99,1,HWH,750,250173324002,2538
160,58,1,9,250250920001,7043,0,0,HOH,1500,250173691004,3471
161,23,0,10,250173731005,5127,0,1,HOH,300,250259812021,8658
162,58,1,11,250173689011,9038,0,0,HOH,1500,250173547001,12234
163,24,1,11,250173510001,16972,3,1,HWH,17000,250173382001,18272
164,42,0,8,250259811004,6296,0,1,HWH,750,250173736001,16007
165,49,1,7,250250803001,16130,0,0,HWH,1500,250250104042,644
166,38,1,6,250251604001,4254,0,0,H,300,250251204005,13147
167,45,1,11,250214031001,1454,2,1,HWH,30000,250173737003,11514
168,42,1,6,250251404004,16135,0,0,HOH,7000,250214177014,4497
169,53,1,11,250251705022,6874,0,1,HOH,3000,250250506001,11658
170,70,1,10,250173529002,6379,-99,1,HOH,300,250250810011,6922
171,53,0,6,250251606012,8160,-99,0,HOH,3000,250250701012,799
172,56,0,5,250251010021,5323,-99,1,HWH,300,250250612001,12070
173,53,1,9,250214122002,15540,0,0,H,1500,250173747001,8951
174,48,0,3,250173731003,1125,0,0,HOH,17000,250173732004,8115
175,28,1,6,250250809003,18526,0,1,HWH,7000,250250810011,1620
176,24,1,9,250092058001,5742,3,1,HWH,7000,250092057005,3952
177,64,1,9,250251403006,4352,0,1,HWH,1500,250250102031,10474
178,32,1,10,250173334002,6370,3,0,HWH,7000,250173336003,10874
179,58,1,6,250235012012,13623,0,0,HOH,7000,250214195001,5283
180,49,1,6,250214172007,16272,-99,1,H,17000,250251403004,9348
181,55,0,6,250214228001,2648,0,0,HWH,750,250250810011,14898
182,48,0,8,250173702021,9804,0,1,HOH,750,250173521012,1033
183,36,1,10,250214572002,1756,0,0,HWH,300,250214033003,16221
184,40,0,10,250251204004,4029,-99,0,H,1500,250250702001,4627
185,47,0,4,250173415003,8881,0,1,H,750,250173545003,5828
186,50,1,1,250173364012,6137,0,0,HOH,3000,250173690001,17707
187,25,1,9,250173567025,7127,-99,0,H,17000,250173524002,17737
188,53,1,6,250214224005,12194,0,0,HOH,3000,250235012023,7949
189,56,1,10,250250605013,5945,0,0,HWH,1500,250092084004,6118
190,46,1,8,250251707011,6140,0,1,HOH,7000,250250701018,12118
191,70,0,7,250173514032,2591,0,0,HOH,750,250250701018,17709
192,45,1,8,250173396001,11596,0,1,HWH,750,250250702003,12078
193,46,1,9,250173411025,18478,0,1,HOH,3000,250173515001,3322
194,27,1,10,250250914001,15982,0,1,HOH,7000,250250303003,3467
195,29,1,8,250250203033,10912,0,1,H,7000,250250303003,13150
196,41,1,8,250173364013,7384,1,1,HWH,30000,250250106001,17036
197,57,1,8,250173564003,12997,-99,1,HOH,750,250250103002,3274
198,43,1,9,250173691004,6049,3,0,HWH,3000,250173413002,3378
199,32,1,4,250251702004,1208,0,1,HWH,1500,250173691001,2198
200,47,1,10,250173354001,8604,0,0,H,750,250173335013,4706
201,32,1,7,250173746003,9416,0,1,HOH,7000,250173701021,2225
202,27,0,5,250214171005,5804,0,1,HWOH,750,250250701012,13151
203,37,0,6,250250604005,10581,0,1,HWOWH,300,250250702003,13169
204,51,1,9,250251402025,16383,0,0,HWH,1500,250250107023,2129
205,64,1,1,250251404005,7175,0,0,H,1500,250173522001,1959
206,23,1,6,250251104011,16017,3,0,HOH,30000,250251008006,8233
207,42,1,8,250214024003,1190,0,0,HWH,1500,250214572003,2453
208,64,0,6,250173502001,5554,0,0,HWH,3000,250250701012,17293
209,79,0,5,250251707011,15339,-99,1,HOH,3000,250250106001,4632
210,28,1,1,250173396004,13159,-99,0,HOWOH,17000,250173393003,1942
211,26,1,7,250250007044,9654,-99,0,H,7000,250173701021,9425
212,70,1,10,250092081011,6007,-99,1,HOH,300,250173324002,2140
213,53,1,11,250251106072,7091,0,1,HOH,3000,250250203032,1385
214,61,0,8,250251708004,6303,0,1,HOH,1500,250173391005,932
215,58,1,8,250250712011,7993,0,0,HWH,3000,250250704021,6060
216,33,0,4,250251204005,18217,0,1,H,30000,250250806013,17084
217,62,1,7,250250104041,7474,2,0,HWH,750,250250806011,12269
218,28,1,9,250173421024,2647,0,0,HWH,300,250173335012,6818
219,32,1,8,250251011024,1054,0,0,HWH,7000,250250704021,4322
220,39,1,7,250173523002,12670,0,0,HWH,300,250250701013,2715
221,28,1,10,250173546001,5598,3,0,HOH,7000,250251004001,2747
222,24,1,11,250251703005,15366,3,0,HOH,30000,250214163005,2623
223,19,0,8,250251206002,7876,0,1,HOH,750,250250707001,18450
224,66,1,8,250092055002,6237,0,1,HWH,1500,250173546004,495
225,61,1,9,250250303003,2693,0,1,HOH,17000,250250203021,2707
226,69,0,6,250173739004,7906,0,1,HWH,1500,250250108021,1051
227,33,1,6,250251009005,8053,0,0,HWH,17000,250250406001,2418
228,28,1,10,250173399001,15970,3,0,HOH,7000,250173399005,5103
229,33,1,8,250250915001,9663,0,1,HWH,7000,250250801001,16454
230,36,1,11,250173398022,17097,-99,0,HOH,750,250173563006,2949
231,65,1,10,250092070002,3372,0,1,H,300,250250509011,13064
232,49,1,8,250251704001,6797,0,1,HOH,17000,250250701018,8412
233,53,1,9,250173383002,7085,0,0,H,1500,250173322003,4629
234,39,0,7,250173540003,14858,0,1,HWH,7000,250173537004,2409
235,47,1,9,250250601012,9731,0,1,HOH,1500,250173703002,12329
236,28,0,8,250251001005,6075,0,1,HOH,300,250173521021,14740
237,58,0,3,250173739002,16636,0,0,HWH,3000,250251201051,6883
238,49,1,9,250250704021,7973,0,1,HWH,3000,250214121001,10455
239,30,1,8,250251010015,13670,0,1,HOH,3000,250250610003,2703
240,46,1,10,250251605021,5065,-99,0,HOH,1500,250251706011,14032
241,34,1,9,250250907003,12662,0,1,HWH,1500,250173744004,4572
242,53,0,10,250250808011,5661,0,1,HOH,300,250214177013,8314
243,16,0,6,250173392002,2923,0,0,HOH,7000,250250107021,15017
244,34,1,9,250251302002,4031,3,0,HWH,750,250173323005,1168
245,26,1,8,250173372023,8207,0,0,HWH,750,250259813002,3187
246,32,1,6,250173361002,7737,0,0,HOWOH,1500,250173322003,7012
247,28,1,6,250173400003,6740,0,1,HOWOH,1500,250173413002,6873
248,41,1,9,250173564002,2905,0,1,HOH,7000,250250701018,6974
249,51,1,11,250251104011,10812,0,1,HWH,750,250250918001,9159
250,44,1,7,250250305002,2919,0,0,H,1500,250250606001,12675
251,32,1,6,250173567021,689,0,0,HOWOH,1500,250173324002,8346
252,29,1,9,250173363002,1982,0,0,H,7000,250173373003,8495
253,32,1,10,250250711012,8338,3,1,HWH,30000,250250101042,4898
254,44,0,9,250250604004,4161,0,0,HWH,750,250250701011,17318
255,36,1,7,250214164007,2969,0,0,HOH,300,250250303004,11705
256,66,1,11,250214175024,7502,0,0,HWH,3000,250214012002,898
257,49,1,8,250214228001,1154,0,1,HOH,17000,250173748002,14708
258,73,1,10,250214031001,4503,-99,1,H,300,250251101033,13156
259,58,1,8,250250511012,4801,0,1,HWH,3000,250250101041,7187
260,27,1,10,250173364022,9878,0,1,HOH,7000,250173391005,13222
261,20,0,6,250173581001,11444,2,0,H,1500,250173581004,5224
262,53,0,5,250173567011,7415,0,1,HWH,1500,250173524002,2375
263,51,0,7,250173684001,6482,0,0,HWOH,300,250214176023,2450
264,59,1,10,250173535002,7374,1,1,HWH,3000,250173501043,11539
265,53,1,6,250092053001,5128,0,0,HOH,3000,250250001001,18910
266,37,1,2,250173549003,1697,0,1,HWH,7000,250251704002,1621
267,42,0,7,250250811002,4564,0,1,HWH,300,250173549003,91
268,51,0,3,250214192001,5156,0,0,HOH,7000,250251204004,2893
269,52,0,4,250173512034,5031,0,0,HWOH,1500,250250203011,14839
270,26,1,6,250250612001,888,0,0,HWH,7000,250250303002,7309
271,41,1,10,250173702012,7368,0,1,HWH,750,250173702013,3764
272,44,1,9,250173392002,50,0,1,HOH,1500,250173336003,12784
273,33,1,8,250250805001,8472,3,1,HWH,7000,250250811001,5318
274,52,0,7,250251701007,18222,0,1,HWH,300,250250702001,1939
275,49,1,6,250173395004,15376,3,0,HWH,17000,250250701011,615
276,35,1,8,250173547002,5433,0,1,HWH,1500,250250701011,5426
277,26,1,8,250214181011,5795,0,0,HOH,30000,250259812021,17922
278,30,1,6,250092061001,7766,2,1,HWH,17000,250092052004,2477
279,70,1,7,250173371022,1847,0,1,HOH,750,250173353011,6254
280,33,1,9,250250001001,5039,2,1,HWH,17000,250250001004,16891
281,23,0,10,250214226007,16785,0,1,HOH,300,250250203032,6008
282,52,1,6,250173322001,10619,0,0,HWOH,3000,250250712011,9030
283,36,1,8,250250605014,11685,2,0,HWH,30000,250250810011,6896
284,77,1,9,250173509001,8061,-99,0,H,1500,250092069003,11977
285,73,1,4,250173504004,4610,0,1,HWOWH,7000,250173509002,9368
286,64,1,6,250250612003,10196,0,1,HOH,7000,250251207001,6493
287,34,1,9,250250502001,775,0,0,HOH,7000,250250806011,8065
288,58,1,9,250251401061,6183,0,1,HWH,750,250250107021,12800
289,37,1,4,250092065003,17467,-99,1,HWOWH,7000,250092068001,1655
290,29,1,8,250250919001,2381,0,1,HWH,750,250173703002,11230
291,39,1,11,250092056001,2668,0,0,HOH,7000,250251207001,2631
292,54,1,10,250214195002,4760,0,1,HOH,300,250250907001,11700
293,23,1,8,250173511001,8210,0,0,HOH,300,250173391003,18501
294,73,1,10,250173743002,3818,-99,1,H,300,250250008032,8110
295,19,0,11,250250303003,14956,0,1,HWH,750,250214172001,12481
296,44,1,10,250173507002,4420,0,1,HWH,7000,250173336003,2672
297,73,1,10,250214191003,9395,3,0,HWH,300,250250910014,2407
298,47,1,10,250173373001,11902,0,0,H,750,250173371012,6159
299,30,0,7,250173539003,5784,-99,0,H,300,250250910012,9134
300,55,1,11,250250510001,13626,0,1,HWH,1500,250250510001,13144
301,58,0,6,250173361002,18918,0,1,HWOWH,3000,250173362004,17658
302,43,1,8,250214162001,10126,2,1,HWH,1500,250214180031,7192
303,42,1,10,250251202012,8483,3,1,H,1500,250250303003,2471
304,56,1,11,250173504005,17062,0,0,HOH,30000,250173391001,3986
305,23,0,6,250250604004,16833,0,0,HWH,7000,250214035001,14379
306,43,1,9,250259813002,18019,0,1,HWH,3000,250173537004,4623
307,39,0,5,250173565005,17096,0,1,HWH,750,250250203032,6811
308,34,0,2,250173398011,7437,3,1,HWH,17000,250250810011,1934
309,65,1,8,250251106011,1606,3,1,HWH,17000,250251106073,1954
310,66,1,8,250214163004,10471,0,1,HWH,1500,250173531022,3984
311,40,1,8,250173510001,10722,0,1,HOH,7000,250173397001,4949
312,22,1,11,250250811001,7070,0,0,HOH,750,250214009003,10782
313,57,1,9,250214172001,1460,0,0,HOH,300,250250701018,13145
314,34,1,4,250173572002,3233,2,1,HOH,17000,250250810011,803
315,53,1,7,250173514034,8582,0,0,HWH,3000,250092084002,3478
316,73,1,10,250092082001,12343,-99,1,H,300,250259813002,6854
317,27,1,10,250214004002,18041,0,0,HOH,17000,250214002001,18463
318,66,0,2,250250815002,7495,3,1,HWH,17000,250214177011,574
319,62,1,11,250214012004,5860,3,1,HWH,7000,250250612001,1169
320,36,1,11,250173524002,13674,-99,0,HOH,750,250173565003,14683
321,39,0,7,250092064001,17065,0,1,HWH,7000,250173324002,11540
322,60,0,7,250214182002,5451,0,1,HWH,1500,250250811001,4582
323,34,0,2,250250920002,1136,3,1,HWH,17000,250250102034,12151
324,45,1,8,250250911002,12105,0,1,HWH,750,250250701013,13545
325,54,1,11,250173504002,16545,0,0,HWH,7000,250173513001,13076
326,23,1,4,250251001002,16268,0,1,HWH,17000,250259813002,444
327,50,1,8,250250912001,12403,-99,0,HOH,7000,250250106001,4306
328,43,1,5,250251304024,3901,0,1,HWH,3000,250173736002,14828
329,61,1,6,250251010022,112,-99,1,HOH,750,250250806013,16295
330,52,0,4,250173565002,12324,0,0,HWOH,1500,250173331001,6939
331,31,1,7,250214226003,5379,0,0,HWH,7000,250214191001,17810
332,58,0,8,250173372022,6107,0,1,HWH,300,250173324002,11193
333,28,1,10,250250002014,14656,3,0,HOH,7000,250250003021,3110
334,28,1,11,250173425003,16821,-99,1,H,17000,250214035001,934
335,47,1,9,250251004003,14894,0,0,HWH,750,250250921012,11969
336,26,1,8,250173417004,1520,0,0,HWH,7000,250173703002,12927
337,68,1,11,250173703004,17819,3,1,HWH,17000,250173537004,17122
338,23,1,6,250173512043,5105,3,0,HOH,30000,250173703002,13427
339,66,1,11,250250818003,14634,0,0,HWH,3000,250250801001,5829
340,23,1,6,250250101041,17429,3,0,HOH,30000,250173531022,7810
341,61,0,7,250250902001,3375,0,0,HOH,1500,250173424005,601
342,39,0,8,250173744003,16609,0,0,HWH,300,250250303003,16185
343,58,1,9,250214025002,464,0,1,HWH,750,250214172001,18935
344,39,0,8,250173547002,8531,0,0,HWH,300,250250106002,15697
345,25,0,6,250250601012,16797,2,1,HWH,3000,250250106001,6187
346,25,0,6,250173745003,15199,0,1,HWH,7000,250250303003,3472
347,19,0,7,250251106074,16854,0,0,HWH,3000,250092084004,16760
348,30,1,8,250173396003,15382,0,0,HWH,300,250250701018,2122
349,63,1,10,250173689011,6660,0,0,H,3000,250173741001,13139
350,44,0,9,250173364012,6936,0,0,HWH,750,250173422022,2989
351,45,1,9,250173701014,11576,0,0,HWH,7000,250173691004,13168
352,16,0,10,250173681012,4933,0,0,HOH,750,250173549003,16893
353,16,0,10,250173418002,7875,0,0,HOH,30000,250214172001,807
354,28,1,6,250173412003,12834,0,1,HOWOH,1500,250173742001,4889
355,38,1,11,250214034002,18220,3,1,HOH,30000,250173733002,2188
356,66,1,3,250214226005,15264,0,0,HOH,17000,250235011022,18154
357,48,1,10,250173354002,1474,0,1,HWH,1500,250250203032,13086
358,60,0,7,250250901002,11192,0,0,HOH,1500,250251001007,14873
359,50,0,6,250214007001,17066,0,0,HWH,3000,250173572001,3683
360,64,0,4,250173508001,3097,0,1,HWH,1500,250250810011,3218
361,30,1,8,250173371021,5841,0,0,HWH,300,250250606001,6291
362,27,1,10,250214031003,9473,0,0,HOH,17000,250250303002,13
363,41,1,10,250250813002,1505,3,0,HOH,30000,250250810011,15734
364,45,1,9,250092064001,3859,0,0,HWH,7000,250092051004,11352
365,28,1,10,250173535002,11976,1,1,HOH,17000,250173331001,273
366,54,1,7,250173514042,8029,0,1,HWH,3000,250173524002,6063
367,26,1,8,250173425003,7825,0,1,HWH,1500,250173398021,2154
368,23,1,6,250173523001,14591,3,0,HOH,30000,250250102034,14693
369,28,1,9,250173334004,8076,0,0,HOH,3000,250173324002,2157
370,40,1,8,250173401006,2729,0,1,HOH,300,250250106001,6197
371,26,1,6,250173419026,824,-99,1,H,17000,250214123001,867
372,30,1,7,250173581001,15777,0,0,HWH,3000,250173731005,18932
373,40,1,3,250251606011,2348,-99,0,HWH,17000,250251604001,1028
374,30,1,8,250251705011,463,0,1,HOH,3000,250251707012,14836
375,35,1,6,250173417005,3457,2,0,H,17000,250250909012,16861
376,57,1,7,250173399004,6015,0,1,HWH,750,250251207001,17388
377,39,0,2,250250304002,4510,0,0,H,750,250250701018,2306
378,46,1,6,250173547002,1604,-99,0,HWH,300,250173540003,12219
379,37,1,10,250173529001,4512,0,0,HWH,3000,250173531022,8335
380,38,1,9,250173563003,278,0,1,HWH,1500,250250606001,2817
381,35,1,11,250173523001,11706,2,0,HWH,30000,250173521021,6707
382,39,1,11,250250108022,1841,0,1,HOH,7000,250250810011,17733
383,36,1,10,250173372023,4357,0,0,HWH,300,250173364013,1703
384,42,1,10,250250007011,7060,3,1,H,1500,250173738004,13698
385,49,1,5,250173322001,2677,0,0,HWH,1500,250251207001,3850
386,20,0,6,250250906002,4847,0,0,HOH,7000,250250914002,8870
387,16,0,7,250251708001,18130,2,1,H,1500,250250606001,12180
388,55,0,6,250173334005,221,0,0,HWH,750,250250106001,4734
389,65,0,6,250251404002,8744,0,1,HWH,1500,250250801001,12674
390,42,0,7,250251401024,16105,0,1,HWH,3000,250250810011,2702
391,45,1,8,250173548001,8457,0,1,HWH,750,250250303003,15163
392,23,1,8,250092063001,15211,-99,1,HWH,30000,250173324002,3339
393,38,1,11,250173361001,10036,3,1,HOH,30000,250250703001,979
394,64,1,6,250173352005,4249,0,0,HWOWH,17000,250250005022,11203
395,29,1,7,250250606001,7034,3,1,HOH,3000,250250606001,13187
396,68,1,8,250173513001,3765,-99,0,HOH,300,250173515002,15051
397,28,1,9,250214008001,13820,3,1,HWH,17000,250250810011,1990
398,48,0,3,250214008003,2347,0,1,HWH,7000,250250203011,1564
399,34,0,7,250173523001,5600,0,1,HWH,3000,250214031001,3426
400,60,1,5,250173507006,11982,-99,0,HOH,3000,250173545003,2149
401,42,1,9,250092022004,11609,-99,1,HWOWH,300,250173534002,11917
402,43,1,8,250250809003,5796,3,0,HWH,7000,250250606001,18055
403,29,1,5,250173573002,17813,0,0,HWH,7000,250173537004,2798
404,53,1,6,250251801013,4259,0,0,HOH,1500,250214035001,6378
405,43,1,11,250173418006,9652,0,0,HOH,300,250173413002,13034
406,38,1,9,250250504002,9943,0,1,HWH,1500,250250702003,15175
407,26,1,6,250250604002,13687,3,0,HOH,17000,250250701011,8242
408,33,0,4,250250107011,2719,0,1,H,30000,250173524002,1492
409,35,0,8,250173567021,16869,0,0,HWH,750,250173567027,5136
410,48,0,3,250251103011,9605,0,1,HWH,7000,250173324002,11704
411,49,0,6,250173421012,485,0,1,HWH,17000,250173703002,2712
412,60,1,5,250173584003,15769,0,0,HOH,3000,250173531012,162
413,52,1,9,250250303001,8529,0,1,HWH,7000,250250801001,18506
414,31,1,6,250214121001,18959,0,0,HWH,7000,250173537004,12125
415,17,0,9,250173401003,5744,0,1,HOH,7000,250250107021,15446
416,29,1,3,250092053001,4179,3,0,HOH,17000,250251703002,4672
417,28,1,9,250250805002,7723,3,1,HWH,17000,250250820002,9155
418,35,1,6,250173578004,7750,2,0,H,17000,250173691004,2081
419,38,1,6,250251701007,15973,0,1,HWOH,3000,250250303002,6798
420,49,1,11,250173414002,5853,0,0,HOH,7000,250173691004,2903
421,28,1,11,250250917001,17297,-99,1,H,17000,250251204003,5129
422,29,1,8,250250003022,7269,0,1,H,7000,250173741001,15351
423,42,1,4,250251105013,7761,3,1,HWOH,30000,250250921013,12201
424,63,1,6,250250601011,10384,0,0,HWOH,750,250259813002,8258
425,25,0,6,250250201014,8155,0,0,HOH,17000,250250104042,6100
426,34,1,9,250251804002,5758,3,0,HWH,750,250251802002,9007
427,18,0,10,250173424003,7690,0,1,H,1500,250251604001,625
428,17,0,9,250251204005,2845,2,1,HOH,7000,250250107021,12202
429,60,1,5,250173526001,10450,-99,0,HOH,3000,250173528001,16444
430,36,1,8,250214008001,15847,2,0,HWH,30000,250250006023,15158
431,61,1,6,250173538003,13246,-99,0,HOH,7000,250250203012,14741
432,21,0,4,250173533001,10124,0,0,HWH,17000,250173537004,2592
433,29,1,8,250250608001,1137,3,0,HWH,17000,250250606001,4508
434,23,1,8,250250813002,12085,0,0,HOH,300,250214191001,4320
435,62,1,11,250251602002,2964,3,1,HWH,7000,250250612001,1147
436,34,1,11,250173545001,16274,0,0,HWH,17000,250214002002,14716
437,31,1,8,250250705003,18119,0,0,H,7000,250250701018,15601
438,42,1,6,250251004004,5870,0,0,HOH,750,250173736002,11567
439,50,0,5,250214180041,6663,-99,1,HOH,750,250173501031,13983
440,57,1,8,250092055001,3476,0,1,HOH,7000,250250801001,12164
441,37,0,6,250250906002,1477,0,1,HWH,750,250250918003,16913
442,28,1,2,250250821002,6318,0,0,HWH,3000,250250804011,7078
443,55,0,8,250250919002,6695,0,1,HWH,7000,250173736001,12649
444,33,1,11,250214226007,18024,1,0,HWH,30000,250214175021,11620
445,32,1,8,250092067003,2447,0,0,HWH,7000,250250303002,13239
446,38,0,4,250251402011,15353,0,0,H,1500,250250806013,5627
447,57,1,10,250250404011,5372,0,1,HWH,1500,250173324002,1986
448,42,1,8,250250912003,779,0,1,HOH,750,250214123003,556
449,42,1,9,250214181022,11108,-99,1,HWOWH,300,250250701018,14937
450,45,1,8,250214226005,5091,0,1,HWH,750,250173397002,1722
451,73,1,8,250250201011,11194,0,0,H,300,250214172001,2709
452,26,1,6,250250107021,15072,0,1,HWH,3000,250173531022,17732
453,32,1,8,250173416004,7039,0,0,HWH,7000,250173563001,12779
454,28,1,9,250173502003,6560,0,0,HWH,300,250250702003,32
455,25,1,6,250250002013,5949,0,1,HWH,7000,250173351003,16459
456,73,1,10,250250924001,14646,3,0,HWH,300,250250711013,1988
457,26,1,8,250251201052,4561,0,0,HWH,750,250214003002,18572
458,22,1,1,250250107021,16120,0,1,H,300,250250008032,16939
459,40,1,10,250173701024,820,0,1,HOH,750,250251104035,8117
460,39,1,11,250173538002,7939,0,0,HOH,7000,250173529002,18570
461,52,1,11,250173335013,1885,0,0,HOH,750,250214024001,2289
462,31,1,7,250214035003,8456,-99,0,HOH,3000,250250107013,4586
463,28,1,9,250250104051,4762,0,0,HWH,300,250214004003,13234
464,29,1,6,250173396006,292,2,1,HWH,17000,250173524002,14834
465,48,1,9,250250008022,9128,-99,1,HOH,750,250214025001,6072
466,34,1,9,250214002003,3063,0,1,HWH,1500,250250701011,2410
467,28,1,4,250250817004,14587,0,0,HOH,1500,250250604004,15167
468,16,0,10,250251705012,9996,0,0,HOH,750,250250511011,10813
469,34,1,9,250173424004,10621,0,0,HOH,7000,250173415002,6116
470,52,1,8,250173550002,11553,0,0,HWH,750,250250303003,2212
471,18,0,8,250173322001,15011,2,1,HOH,30000,250173324002,5521
472,33,1,8,250214009002,9392,3,1,HWH,7000,250214007003,18414
473,60,0,6,250173392006,3074,-99,0,HOH,17000,250250203011,14859
474,73,1,10,250214162002,6739,3,0,HWH,300,250250203011,2704
475,24,1,11,250214163002,14988,3,1,HWH,17000,250173567027,12156
476,56,1,11,250250610003,5355,3,0,HWH,17000,250250702001,3328
477,35,1,8,250250604002,12233,0,1,HWH,1500,250250703001,7521
478,27,1,10,250173530004,6749,0,1,HOH,7000,250173524002,15689
479,25,0,5,250250101031,17431,0,1,HWH,3000,250250408013,3341
480,55,0,7,250214010003,11416,0,1,HWH,1500,250250003021,642
481,42,1,9,250173565004,6942,-99,1,HWOWH,300,250250001001,4537
482,58,1,11,250250605011,10382,0,0,HOH,1500,250250701013,2991
483,40,1,3,250173571001,10324,-99,0,HWH,17000,250250102043,5331
484,29,1,7,250173373003,6170,3,1,HOH,3000,250214572001,9132
485,42,1,8,250092081013,18766,0,1,HOH,750,250259813002,445
486,20,0,6,250092052001,16448,2,0,H,1500,250251704004,4770
487,69,0,6,250173523001,3404,-99,1,HWH,300,250173524001,5525
488,40,1,8,250173689012,2344,0,1,HOH,300,250250106001,8037
489,58,1,5,250251801012,7692,3,0,HWOH,17000,250251802004,17962
490,30,1,7,250173507005,1752,0,0,H,3000,250250810011,102
491,40,1,5,250173689011,5043,0,0,HWH,3000,250250701018,12276
492,22,1,1,250173400002,9184,0,1,H,300,250173411023,11523
493,51,1,9,250173578004,5029,0,1,HOH,750,250251005005,612
494,52,0,4,250214021024,14358,0,0,HWOH,1500,250214191003,11699
495,32,0,4,250250604001,7316,3,0,H,17000,250173681012,3456
496,60,0,6,250173324001,437,0,0,HWH,7000,250250303002,2161
497,73,1,10,250235012023,4737,-99,1,H,300,250173534002,509
498,61,1,11,250250709002,6125,1,1,HWH,3000,250250106001,1903
499,28,1,6,250173422011,6953,0,1,HWH,7000,250250606001,9060
500,33,1,8,250251008005,15006,0,1,HWH,7000,250251009002,13690
501,50,0,7,250214226004,14588,0,1,HWH,300,250173542002,2767
502,23,1,6,250173501041,12157,3,0,HOH,30000,250250106001,7771
503,48,1,9,250214164004,1708,0,0,HOH,3000,250214172001,2848
504,18,0,3,250250702002,5319,2,1,HWH,7000,250092083004,1657
505,36,1,7,250251101031,7794,0,0,HOH,300,250214182002,2764
506,60,1,7,250173747001,15383,0,1,HWH,3000,250250203032,13149
507,58,1,1,250173332003,7424,0,0,HWH,3000,250173332003,4318
508,45,1,10,250251011023,18011,0,1,HOH,300,250250909012,2231
509,66,0,4,250173546004,4111,0,0,HWH,1500,250250821002,15722
510,33,0,5,250173704003,12370,0,1,HWH,300,250173732004,3031
511,19,0,11,250251104011,5814,0,1,HWH,750,250092059002,6868
512,20,0,6,250250818001,6490,0,0,HOH,7000,250214180031,13665
513,54,1,7,250173364023,17817,0,1,HWH,3000,250173424004,13091
514,29,1,7,250251701001,16728,0,0,HWH,7000,250173748002,1994
515,35,0,8,250250006012,8280,-99,0,HOH,300,250250106001,3482
516,67,1,11,250173414003,2799,0,1,HWH,3000,250173385004,11102
517,45,1,5,250251010021,5491,0,0,H,3000,250250406001,12182
518,20,0,7,250173581003,5968,2,1,HOH,1500,250173324001,8682
519,26,1,6,250173703002,15937,-99,1,H,17000,250250503001,3070
520,58,1,9,250173540002,5792,0,0,H,750,250251402024,15591
521,53,1,6,250251703004,15796,0,0,HOH,1500,250173335013,3296
522,26,1,6,250173547002,5033,3,0,HWH,17000,250250701018,12939
523,33,1,8,250173514042,1087,0,1,HOH,300,250173521011,1378
524,29,1,8,250173691002,16179,3,0,HWH,17000,250214006002,1070
525,36,1,11,250250810012,17450,-99,0,HOH,750,250250801001,2136
526,39,0,2,250092068001,785,0,0,H,750,250250703001,2671
527,28,1,11,250250007043,13979,-99,1,H,17000,250250701018,5413
528,48,1,11,250250923001,6420,0,0,HWH,300,250250913002,18231
529,26,1,8,250173364023,11984,0,0,HOH,30000,250173515002,1883
530,56,0,11,250173691003,9782,-99,1,HOH,750,250173745004,17104
531,23,1,6,250214009001,18033,3,0,HOH,30000,250173524002,2183
532,25,0,5,250173687002,3702,0,1,HWH,3000,250173521021,18510
533,68,1,7,250173396001,5328,0,0,H,3000,250173524002,877
534,60,1,8,250214171004,17823,3,0,HWH,7000,250250406001,4300
535,30,1,8,250250408011,9851,0,1,HWH,3000,250250711013,4524
536,39,0,8,250214181012,15931,0,0,HWH,300,250250105001,1907
537,24,1,9,250251304021,4389,3,1,HWH,7000,250250203032,3291
538,64,0,6,250251805003,16769,0,0,HWH,3000,250173413002,11970
539,65,1,8,250092011002,16834,3,1,HWH,17000,250173703001,2732
540,66,1,7,250214002002,5415,0,1,HOH,7000,250250104051,12114
541,31,1,8,250250923002,1811,0,0,H,7000,250173691004,6902
542,43,1,11,250251707021,6022,3,1,HWH,17000,250250701011,1494
543,35,1,11,250251302004,5092,2,0,HWH,30000,250173523002,13943
544,52,0,6,250251001004,9740,0,1,HOH,1500,250173748002,2362
545,63,0,8,250250005041,9213,0,0,H,7000,250250107021,1076
546,70,1,7,250173741001,7083,0,1,HOH,750,250250107021,10821
547,53,1,9,250092061001,13267,0,1,H,1500,250092055002,2970
548,29,1,9,250250007015,6726,0,0,H,7000,250250107021,13157
549,66,1,8,250173354002,1615,0,1,HOH,1500,250250203011,6524
550,52,1,9,250173526002,2292,0,1,HWH,7000,250173539003,11975
551,33,1,6,250250901003,6134,0,0,HWH,17000,250250106001,17274
552,43,1,5,250173521012,7485,0,1,HWH,3000,250250701018,8867
553,20,0,7,250214004002,9774,2,1,HOH,1500,250250008022,3241
554,29,0,6,250251011013,5846,0,1,H,3000,250250701018,1928
555,29,1,3,250250907004,1245,3,0,HOH,17000,250250701018,3466
556,68,1,8,250173586005,17816,-99,0,HOH,300,250214010003,13509
557,34,0,7,250173422012,14029,0,1,HWH,3000,250173538004,1993
558,52,0,8,250092062003,2753,0,1,HOH,1500,250251604001,4415
559,52,1,11,250214177014,6713,0,1,HWH,7000,250250701012,11979
560,16,0,6,250092060002,5993,0,0,HOH,7000,250173510003,15904
561,36,1,7,250250911005,10457,0,0,HOH,300,250250810011,5274
562,70,1,5,250173538002,8341,0,0,H,750,250250203032,5388
563,42,1,9,250250007043,1393,-99,0,HWOWH,300,250250810011,2363
564,60,0,8,250173364023,15213,0,1,H,750,250250008032,2669
565,23,1,6,250092061002,12833,0,1,HWH,7000,250092070001,2072
566,56,0,5,250251202012,15833,0,1,HOH,3000,250251203013,10247
567,70,0,8,250173364011,17095,0,1,HWH,750,250250612001,2118
568,69,0,6,250250912001,5216,0,1,HWH,1500,250250801001,6827
569,49,1,6,250173506001,10563,-99,1,H,17000,250173392005,11968
570,43,1,5,250251106072,16844,0,1,HWH,3000,250250701018,14854
571,40,1,7,250173702012,7894,3,0,HWH,17000,250173424004,6534
572,26,1,7,250173423002,16206,-99,0,H,7000,250250003012,2851
573,24,1,9,250173522001,712,3,1,HWH,7000,250173515001,12831
574,51,1,11,250173362001,6431,3,1,H,750,250250005023,35
575,46,1,4,250173543001,14864,0,1,HOH,1500,250259813002,3805
576,44,1,8,250250608001,5481,3,0,HWH,750,250214123003,15352
577,57,1,11,250214225012,6831,-99,0,H,750,250250811001,11980
578,32,1,9,250173422011,9650,3,0,HWH,17000,250173413002,6884
579,41,1,10,250214172004,15378,3,1,HOH,300,250214572001,16626
580,61,1,6,250092011002,5250,-99,1,HOH,750,250092021022,3266
581,18,0,8,250251707023,9635,2,1,HOH,30000,250250711013,6899
582,43,0,4,250173704005,2346,0,0,H,750,250173521021,8842
583,34,1,9,250173702021,15959,2,0,HWH,30000,250173703002,5910
584,29,1,6,250250924004,17201,0,0,HWH,7000,250250701012,14604
585,51,1,7,250251007001,3919,0,0,H,750,250214224001,2598
586,20,0,7,250250002022,16989,2,1,HOH,1500,250250006022,13148
587,58,1,6,250092083004,6669,0,0,HOH,7000,250250107021,4277
588,35,1,11,250250203021,11679,2,0,HWH,30000,250250203032,15374
589,45,1,9,250214226002,12450,0,0,HWH,7000,250173424004,9020
590,42,1,8,250251708001,6464,0,0,HOH,3000,250259813002,13934
591,28,1,9,250173746001,219,0,0,HOH,3000,250173732001,16721
592,36,0,10,250251203011,15379,0,0,HWH,300,250173733002,1944
593,42,1,8,250173335012,13669,0,1,HOH,750,250250303001,3955
594,53,1,11,250251403005,575,0,0,HWH,1500,250250701011,2324
595,33,1,7,250251707024,2372,0,1,HWH,1500,250250701018,3480
596,48,1,10,250092064004,8419,0,1,HWH,1500,250250801001,5210
597,33,1,9,250251604001,14652,0,1,HOWOH,30000,250250504001,4296
598,26,1,8,250173532001,6712,0,0,HOH,30000,250173531022,1284
599,58,0,8,250250903002,9708,0,1,HWH,300,250250806013,18564
600,37,1,8,250173414003,17715,0,1,HWH,300,250173335021,1905
601,44,1,9,250214181012,4180,-99,0,HOH,1500,250250702001,6591
602,23,1,6,250173563003,8438,3,0,HOH,30000,250173324002,11433
603,46,1,8,250173530002,12879,0,0,HOH,300,250250203011,8521
604,34,1,1,250173332004,7111,0,1,HWH,1500,250173336003,676
605,35,1,6,250173396001,16314,2,0,H,17000,250173691004,3930
606,27,1,7,250250507002,16092,0,0,HWOH,1500,250250703004,1379
607,33,1,10,250250201014,1979,-99,0,HOH,1500,250173524002,17389
608,62,0,7,250251009002,15358,-99,1,HOH,1500,250250701012,1799
609,66,0,6,250173701013,5480,-99,1,HOH,17000,250173736002,3188
610,41,1,9,250173393002,15686,0,0,HOH,7000,250250303003,2135
611,28,0,8,250250810011,13686,0,1,HOH,300,250250612001,5264
612,48,1,11,250250707002,4014,3,0,HOH,17000,250250701018,935
613,57,1,8,250173571004,11381,-99,1,HOH,750,250250606001,4637
614,18,0,10,250251803012,7420,0,1,H,1500,250173324002,11965
615,58,1,11,250092066003,13132,0,1,HWH,300,250250203032,10555
616,44,1,9,250173521012,12704,-99,0,HOH,1500,250250106001,2792
617,35,1,6,250250604005,5768,1,0,HWH,7000,250214180031,4079
618,44,1,8,250251203011,2611,3,0,HWH,750,250250806011,6064
619,16,0,10,250250507003,2562,0,0,HOH,30000,250250907004,7041
620,50,1,1,250250511014,6759,0,0,HOH,3000,250173544002,10532
621,24,0,7,250173514042,10928,0,0,HOH,1500,250173323005,5531
622,74,0,5,250173575003,11147,0,0,HWH,1500,250173578003,8112
623,31,1,7,250251703001,15089,-99,0,HOH,3000,250173523002,2682
624,33,0,7,250173421022,17347,-99,1,H,300,250173354001,17031
625,53,0,10,250251207002,12663,0,1,HOH,300,250214024006,4931
626,33,1,10,250214022002,6208,-99,0,HOH,1500,250214572001,3914
627,18,0,3,250250005023,1089,2,1,HWH,7000,250173324002,2367
628,73,1,4,250173744005,7644,0,1,HWOWH,7000,250173689011,14002
629,20,0,6,250092071001,13099,0,0,HOH,7000,250251602002,7317
630,26,1,6,250214008002,5464,0,0,HWH,7000,250250701014,7879
631,19,0,8,250250202002,11123,0,1,HOH,750,250250106001,15170
632,40,1,8,250251402011,8322,0,1,HOH,300,250250203032,3335
633,58,1,7,250250901005,9762,0,1,HOH,1500,250250811001,16290
634,31,1,9,250214173002,7282,0,0,HOWOH,750,250173739001,7753
635,55,1,11,250173391004,3906,-99,1,H,1500,250173512031,9103
636,31,1,7,250173746002,16186,0,0,HWH,7000,250250701018,12143
637,52,1,11,250250702002,5998,0,0,HOH,750,250250801001,16294
638,29,1,10,250250806011,851,1,0,HOH,17000,250250103002,2505
639,53,1,11,250173577002,15187,0,1,HOH,3000,250173524001,7170
640,36,1,10,250173382001,12647,0,0,HWH,300,250250703001,14912
641,62,0,7,250092081011,7381,0,0,HWH,1500,250092083004,15824
642,29,1,10,250173415003,4757,1,0,HOH,17000,250092068002,18142
643,49,0,6,250251302004,3694,0,1,HWH,17000,250251207001,17913
644,41,1,10,250173731003,9482,3,0,HOH,30000,250250606001,2705
645,26,1,7,250214003003,11418,0,1,HOH,17000,250250701011,17754
646,41,1,7,250214006002,3737,0,0,H,750,250173733002,17121
647,60,0,2,250173742002,5106,-99,0,HWOWH,17000,250250103002,13107
648,29,1,7,250250911005,8918,0,0,HWH,7000,250250303003,2207
649,53,0,8,250251401021,5184,0,0,HWH,750,250250408013,8417
650,29,1,6,250250818002,6313,2,1,HWH,17000,250250810011,1854
651,30,1,7,250251003004,10081,0,0,H,3000,250214023003,4981
652,51,0,7,250214012004,3088,0,0,HWOH,300,250173523002,4705
653,39,0,5,250251005004,12224,0,1,HWH,750,250250801001,17303
654,18,0,8,250251402023,5959,2,1,HOH,30000,250214004001,15980
655,26,1,7,250092062003,1324,0,1,HOH,17000,250251603001,6375
656,27,1,8,250173364011,4927,0,0,HWH,1500,250251606011,3003
657,70,0,7,250173384002,17017,0,0,HOH,750,250173524002,15008
658,36,0,7,250173425001,2449,0,1,HWH,1500,250250406001,1865
659,64,1,6,250251007002,5716,0,1,HOH,7000,250235012012,3739
660,57,1,10,250092011003,16315,0,1,HWH,1500,250092084002,13939
661,33,1,8,250250605011,11748,3,1,HWH,7000,250250703001,2055
662,73,1,10,250173525001,9469,-99,1,H,300,250173529002,13153
663,19,0,8,250092061001,5,0,1,HOH,750,250173424004,18132
664,65,1,10,250173421013,14376,0,1,HOH,300,250250907004,7978
665,53,0,8,250251010016,7411,0,0,HWH,750,250251201052,3918
666,55,1,10,250092064003,2070,0,0,HWH,1500,250092072001,6437
667,45,1,7,250251301001,9367,0,1,HWH,1500,250214002003,3941
668,44,1,10,250173331003,8973,0,1,HWH,7000,250250008032,2786
669,40,1,5,250250924002,13581,0,0,HWH,3000,250251106074,18936
670,39,0,5,250251707011,6209,0,1,HOH,17000,250259815021,16596
671,35,1,8,250214012001,1068,0,1,HWH,1500,250214153002,5206
672,19,0,7,250250007032,8093,0,0,HWH,3000,250250106002,2860
673,42,1,8,250173418005,6722,0,0,HOH,3000,250250702001,4729
674,55,0,4,250250803001,14936,0,1,HWH,750,250250703004,2542
675,73,1,10,250214011001,15977,-99,1,H,300,250173741001,8432
676,34,1,9,250214005001,18500,0,0,HOH,7000,250251706011,6594
677,24,1,9,250250917003,16496,3,1,HWH,7000,250214224004,1911
678,41,1,8,250092056003,433,3,0,HWH,3000,250250406001,5287
679,54,1,8,250251002001,14495,0,1,HWH,750,250214191001,10727
680,25,1,9,250250007041,316,-99,0,H,17000,250250707001,14590
681,29,1,8,250173702022,480,0,1,H,7000,250173701025,7197
682,55,0,6,250259815011,5931,0,0,HWH,750,250250921014,3033
683,61,1,9,250250813003,391,0,1,HOH,17000,250173703002,15755
684,35,1,9,250250701014,7066,0,1,HWH,7000,250250701018,17346
685,51,0,6,250250107021,11686,0,1,HOH,750,250173322004,3309
686,29,1,8,250173398021,1128,3,0,HWH,17000,250173398011,6494
687,65,1,5,250250406001,7130,-99,0,HWH,750,250250203011,4977
688,34,1,9,250250911002,6692,2,0,HWH,30000,250250102032,2602
689,36,0,10,250251601012,16100,0,0,HWH,300,250173546004,408
690,47,1,9,250173421014,12140,0,0,HWH,750,250250203011,7026
691,60,0,6,250250604002,3681,0,0,HWH,7000,250173531022,12369
692,66,0,6,250214123004,352,-99,1,HOH,17000,250250702001,12113
693,51,0,4,250092047013,10348,0,1,H,17000,250250810011,1435
694,55,0,8,250214178014,16001,0,0,HOH,1500,250250008022,12326
695,23,1,6,250173423001,16805,0,1,HWH,7000,250173681012,10873
696,53,1,6,250250920001,15716,0,0,HOH,3000,250250103002,434
697,28,1,10,250214010002,2888,3,0,HOH,7000,250250408013,17016
698,55,1,11,250251606025,10981,0,1,HOH,750,250251604002,2220
699,60,1,7,250250108021,5952,0,1,HWH,3000,250250107021,14971
700,61,1,11,250173336001,16541,1,1,HWH,3000,250250006023,6281
701,30,1,7,250173415005,7369,0,0,H,3000,250173381001,1018
702,34,0,2,250173733002,16111,3,1,HWH,17000,250250303003,2683
703,23,1,2,250173425001,7895,0,0,H,7000,250251605022,927
704,24,1,5,250173688003,16045,0,0,HWH,7000,250250701018,4721
705,32,1,8,250173691003,2615,0,0,HWH,7000,250173521021,1011
706,24,0,7,250173737004,14669,0,0,HOH,1500,250250701011,18391
707,39,1,11,250173578004,12030,0,0,HOH,7000,250250701018,1908
708,49,0,7,250250404011,11146,0,0,HWOH,750,250214172001,6775
709,28,1,9,250250811001,3362,0,0,HWH,300,250250806013,11466
710,54,1,8,250092054001,18435,0,1,HWH,750,250092062003,3114
711,43,1,7,250251404003,7557,0,0,HOH,1500,250250702003,7191
712,31,1,8,250214011001,16304,0,0,H,7000,250250303002,12158
713,50,0,5,250214005001,6180,0,1,HWH,1500,250250103002,17340
714,48,0,8,250173502004,3059,0,1,HOH,750,250250612001,2686
715,43,1,5,250214021012,2736,3,0,HWH,30000,250173742002,4892
716,26,1,6,250214181011,8001,3,0,HOH,17000,250214177014,3337
717,51,0,3,250214180043,15559,0,0,HOH,7000,250250103002,12640
718,66,1,8,250250004013,16820,0,0,HWH,300,250250008032,4323
719,29,1,10,250250102043,10473,1,0,HOH,17000,250250107021,975
720,16,0,10,250214021022,5812,0,0,HOH,30000,250214024001,6150
721,45,1,7,250250705003,3921,0,1,HWH,1500,250250702001,14909
722,32,1,10,250250507001,269,3,0,HWH,7000,250250001001,3479
723,57,1,8,250173566021,16851,-99,1,HOH,750,250250203032,15797
724,23,1,6,250214182003,2261,3,0,HOH,30000,250251207001,11566
725,38,1,9,250251703002,2041,0,1,HWH,1500,250250806013,5507
726,65,0,6,250251304042,4325,0,1,HWH,1500,250214003003,7330
727,42,0,7,250214175014,16247,0,1,HWH,300,250214177013,3789
728,39,1,11,250251703001,11682,0,0,HOH,7000,250250103002,632
729,70,0,7,250250107023,8342,0,0,HOH,750,250250203021,143
730,32,1,6,250173401001,8484,0,0,HOWOH,1500,250173392003,1095
731,32,1,10,250173689022,10147,0,1,HWH,1500,250173524002,6098
732,28,1,2,250251304025,12883,0,0,HWH,3000,250250711013,17314
733,49,1,8,250251002003,2651,0,1,HOH,17000,250251401023,358
734,45,1,10,250092059002,8238,0,0,HOH,7000,250250303003,2996
735,60,0,2,250173691001,9729,-99,0,HWOWH,17000,250250102042,438
736,33,1,8,250173394002,5734,0,0,HWH,7000,250250701018,4724
737,31,1,2,250214021022,6258,0,1,HWH,3000,250250107021,12153
738,33,1,8,250092084004,7830,0,1,HWH,7000,250173398021,11978
739,29,1,7,250250708002,4649,3,1,HOH,3000,250250701011,3192
740,55,0,5,250173739002,4404,0,1,H,1500,250250810011,3462
741,24,1,11,250173539003,13244,3,0,HOH,30000,250250707001,1016
742,43,1,5,250235001011,6646,3,0,HWH,30000,250214182003,2999
743,26,1,8,250092061001,1763,3,1,HOH,30000,250092061001,11958
744,59,1,10,250092011004,6981,0,0,HWH,750,250092060002,2151
745,20,0,11,250214191003,9674,-99,1,H,1500,250235012023,13470
746,60,1,6,250214176021,7486,-99,1,H,7000,250251302002,15186
747,35,1,8,250250408013,17250,0,1,HWH,1500,250259812021,9219
748,70,1,7,250173538001,11485,0,1,HWH,7000,250173421012,13539
749,28,1,9,250173564002,1276,0,0,HWH,300,250214041001,10921
750,49,1,6,250173416003,6679,3,0,HWH,17000,250173748002,825
751,44,1,9,250251008002,6241,-99,0,HOH,1500,250250907004,18134
752,63,1,9,250173324002,10800,0,1,HWH,1500,250173584002,7200
753,25,1,6,250250004011,2200,0,1,HWH,7000,250250102032,17787
754,41,1,10,250173502004,6607,0,1,HWH,750,250173701024,8731
755,53,1,8,250250901002,866,0,1,HOH,3000,250173748002,6833
756,59,1,8,250173583001,4219,0,1,HWH,1500,250173584004,15788
757,32,1,9,250250406002,8489,3,1,HWH,3000,250250701011,8329
758,49,0,3,250251011022,7153,0,0,HWH,7000,250250106001,5220
759,58,1,9,250173540002,10590,0,0,HOH,1500,250250203011,18046
760,44,1,11,250214194003,10614,0,0,HOH,30000,250173703003,12656
761,21,0,4,250214010003,9864,0,0,HWH,17000,250214005003,14903
762,28,1,4,250173567013,6855,0,0,HOH,1500,250173515001,11826
763,21,0,3,250173515002,5573,2,0,HWH,7000,250173540003,7908
764,34,0,9,250092065003,18921,0,1,H,1500,250092083001,13188
765,44,1,6,250173361003,9964,0,0,H,3000,250250605012,6275
766,22,1,11,250173689013,15225,0,0,HOH,750,250173691004,8090
767,74,0,5,250250102043,6079,0,0,HWH,1500,250250008032,5326
768,58,1,10,250173740003,2382,0,0,HWH,7000,250250104041,6894
769,73,1,4,250214123001,6133,0,1,HWOWH,7000,250250712011,8888
770,37,0,6,250173511002,13174,0,1,HWOWH,300,250250008032,3064
771,45,1,10,250251204005,2422,0,1,HOH,300,250250701011,4535
772,34,0,7,250250801001,12360,0,1,HWH,3000,250250801001,16321
773,33,1,10,250173322004,15902,-99,0,HOH,1500,250173323005,13556
774,48,1,11,250250509013,12011,3,0,HOH,17000,250251604001,2652
775,59,0,10,250250503002,1355,0,1,HWH,300,250214181012,14719
776,54,1,10,250173421012,17202,0,0,HOH,300,250250103002,16085
777,32,1,6,250251403005,13114,0,0,HOWOH,1500,250173732003,6188
778,60,0,7,250250801001,157,0,0,HOH,1500,250250811001,3600
779,70,0,7,250251606023,124,0,1,HWH,3000,250250701018,11359
780,47,1,10,250251104034,10028,0,0,H,750,250250806011,10568
781,33,1,7,250214031002,2445,0,1,HOH,3000,250250701018,2326
782,44,1,7,250250104031,3924,-99,1,H,1500,250250203032,1731
783,29,1,7,250173501044,3460,0,0,HWH,7000,250173501031,16384
784,28,0,8,250092056003,10639,0,1,HOH,300,250250701018,10533
785,23,0,6,250173418002,7037,0,0,HWH,7000,250173335013,3032
786,49,1,6,250092022004,7734,-99,1,H,17000,250250202003,2880
787,27,1,8,250250610002,14580,0,0,HWH,1500,250173335013,930
788,28,1,6,250173395001,8959,0,1,HOWOH,1500,250092070001,4314
789,33,1,9,250173354004,11394,2,1,HWH,17000,250250303002,2420
790,30,1,10,250251105011,6882,3,1,HWH,17000,250250008023,7673
791,37,0,8,250173687001,12717,0,1,HWH,300,250173515002,5012
792,20,0,5,250173533002,13676,0,0,HOH,7000,250173531022,167
793,32,1,11,250173701025,3093,3,1,HWH,30000,250173546004,4373
794,66,0,4,250214177013,15853,0,0,HWH,1500,250250502001,17241
795,40,1,10,250173413003,16855,0,1,HOH,750,250251011021,2785
796,30,1,8,250173534002,18221,0,1,HOH,3000,250250704021,3330
797,35,1,10,250173735004,7907,0,1,HWH,7000,250250303003,6216
798,16,0,10,250214012001,16593,0,0,HOH,750,250173537004,1618
799,20,0,7,250250005032,18183,0,1,HWH,3000,250250806013,15814
800,57,0,8,250250915002,5549,0,0,HWH,7000,250173412003,11695
801,53,1,9,250251202012,16066,0,0,H,1500,250250704021,13104
802,44,1,11,250173421012,382,0,0,HOH,30000,250173515001,13062
803,53,0,6,250173512041,7646,-99,0,HOH,3000,250214172001,1735
804,55,1,11,250173583001,15216,0,1,HOH,1500,250173531022,2421
805,37,0,8,250250005042,8435,0,1,HWH,300,250173531012,14868
806,36,0,9,250092052001,7288,0,0,H,1500,250250107021,1281
807,44,1,9,250214227002,5501,-99,0,HOH,1500,250250702003,15676
808,19,0,11,250250403003,10393,0,1,HWH,750,250250203011,10796
809,30,1,7,250173566012,7890,0,1,HWH,7000,250092055002,800
810,42,0,5,250250916001,16517,3,0,HWH,7000,250250907003,4321
811,53,1,9,250173704005,4725,0,0,H,1500,250250406001,7020
812,43,1,8,250251011023,9626,2,1,HWH,1500,250173522001,9151
813,54,1,10,250251605022,9454,0,1,H,1500,250250509011,66
814,59,1,8,250173335022,12532,0,1,HWH,1500,250173382001,3037
815,56,0,5,250251701002,838,-99,1,HWH,300,250250612002,15162
816,36,0,7,250214226004,12320,0,1,HWH,1500,250250914002,15735
817,68,1,7,250173528002,6026,0,0,H,3000,250250303001,1989
818,33,1,8,250251401051,6982,0,1,HWH,7000,250250103002,4625
819,18,0,10,250173510006,1471,0,1,H,300,250251204005,17130
820,33,1,8,250173586001,7682,3,1,HWH,7000,250173523001,13162
821,29,1,6,250251708004,4024,0,0,HWH,7000,250173542002,3354
822,55,0,6,250173585003,7834,0,0,HWOH,3000,250173522001,16371
823,34,1,9,250251105013,5404,0,1,HWH,1500,250250810011,1948
824,58,1,11,250250008024,2966,0,0,HOH,1500,250250701018,812
825,26,1,6,250251204005,10111,3,0,HOH,17000,250250612001,18062
826,41,1,10,250251011022,15504,3,1,HOH,300,250250702003,12353
827,60,1,7,250173384002,4245,0,1,HWH,3000,250173334001,6253
828,54,1,8,250214174003,795,0,0,HWH,750,250214177013,18044
829,66,1,11,250092061002,5639,0,0,HWH,3000,250251403003,8585
830,50,0,5,250251203014,4223,0,1,HWH,1500,250250104051,614
831,34,1,7,250092061001,6168,2,0,HWH,30000,250251702002,9356
832,48,1,10,250250821003,11056,0,1,HWH,1500,250250708003,4278
833,30,1,5,250250921015,5659,0,0,HWH,17000,250250711013,6
834,48,1,2,250173383003,12087,0,1,HWH,7000,250173523001,17361
835,59,0,6,250173741003,13125,0,1,HWH,3000,250173398021,15058
836,55,0,8,250250202001,4156,0,0,HOH,1500,250250703001,13464
837,52,0,7,250251605023,5866,0,1,HWH,300,250251106074,3156
838,26,1,7,250173528001,10593,-99,0,H,7000,250173532001,11763
839,70,1,5,250250809001,14961,0,0,H,750,250250203011,3357
840,65,1,10,250251205002,13527,0,1,H,300,250173741001,8447
841,62,1,8,250173363005,11912,0,1,H,750,250173334001,6330
842,29,1,6,250251303003,7935,2,1,HWH,17000,250214572001,11974
843,35,0,8,250251005002,5793,-99,0,HOH,300,250250701018,587
844,39,1,6,250092058003,15984,0,1,HWOH,3000,250092069003,13541
845,26,1,8,250251105022,15016,3,1,HWH,7000,250250107021,7736
846,26,1,8,250173396006,6292,0,0,HWH,750,250173393003,231
847,43,0,4,250092021022,16786,0,0,H,750,250092070001,4719
848,49,1,11,250250203012,11401,0,0,HOH,7000,250250701011,2355
849,48,1,9,250173501041,11171,0,0,HOH,3000,250173335013,132
850,35,1,11,250173701025,12112,2,0,HWH,30000,250250303001,11415
851,49,0,3,250250203012,5359,0,0,HWH,7000,250250606001,3343
852,33,1,7,250092081022,10931,0,1,HOH,3000,250250813002,2684
853,25,0,6,250173566011,6040,2,1,HWH,3000,250250303002,7518
854,21,0,4,250250920003,14997,0,0,HWH,17000,250259813002,17296
855,28,1,9,250250918001,16095,0,0,HOH,3000,250250606001,2155
856,27,1,8,250250809002,16984,0,0,HWH,1500,250250103002,3327
857,37,0,6,250214176023,11099,0,1,HWH,300,250250701011,1909
858,44,1,8,250173399005,11932,0,1,HWH,30000,250173393003,16912
859,73,1,11,250214008003,276,0,0,HWH,300,250251201053,1102
860,53,0,10,250214031005,1274,0,1,HOH,300,250250106001,10155
861,35,1,10,250214176023,18015,0,1,HWH,7000,250214191001,18059
862,49,0,7,250214176012,8491,0,0,HWOH,750,250250103001,18233
863,56,1,10,250173701021,11677,0,0,HWH,1500,250173740002,5181
864,51,1,11,250214179021,3387,3,1,H,750,250250008032,17475
865,43,1,9,250173567011,7836,0,1,HWH,3000,250173515002,3001
866,44,1,8,250173735002,15019,3,0,HWH,750,250173733002,896
867,25,0,5,250250904001,8558,0,1,H,300,250250701018,12988
868,25,0,6,250173746002,2829,0,1,HWH,7000,250173681012,3255
869,68,1,11,250251403001,4652,3,0,HOH,1500,250251201031,3464
870,33,1,4,250173511001,12970,3,1,H,30000,250173511005,2536
871,32,1,11,250250921014,7024,3,1,HWH,30000,250250708001,4980
872,67,0,1,250173571004,7699,-99,1,HOH,1500,250173578003,1717
873,49,1,11,250214004002,8262,0,0,HOH,7000,250250103002,874
874,29,1,6,250250924001,5474,0,0,HWH,7000,250250303001,13090
875,28,1,4,250173510006,794,0,0,HOH,1500,250173382001,307
876,48,0,3,250173532001,11506,0,1,HWH,7000,250173531022,8108
877,58,0,8,250173400003,1083,0,1,HWH,300,250173395002,18560
878,35,1,9,250214021011,9685,-99,1,H,750,250250711013,13190
879,38,1,11,250250507001,6774,0,1,HWH,7000,250173748002,1930
880,28,1,1,250250702003,5530,-99,0,HOWOH,17000,250250606001,258
881,25,0,7,250251801012,1120,0,1,HWH,750,250251403003,5109
882,43,1,5,250173416001,11145,3,0,HWH,30000,250250707001,2608
883,62,1,11,250173538001,3358,3,1,H,17000,250173691004,9419
884,37,1,10,250092081021,7229,0,0,HWH,3000,250250107021,1724
885,45,1,10,250251707011,17424,0,0,HOH,7000,250173685003,643
886,37,0,8,250214182001,13072,0,1,HWH,7000,250250106001,2320
887,28,1,6,250173422021,8248,0,1,HOWOH,1500,250250701018,5420
888,55,0,8,250173745005,5987,0,0,HOH,1500,250173546003,8595
889,29,1,9,250251304041,3412,0,0,H,7000,250214035001,3990
890,53,1,6,250251004002,16645,0,0,HOH,1500,250214191001,12209
891,25,1,9,250251203014,1881,-99,0,H,17000,250092070001,2678
892,35,1,10,250214033003,15802,0,1,HWH,7000,250214035002,1985
893,60,0,7,250214224005,4354,0,0,HWH,1500,250214224002,16723
894,54,1,8,250251206001,11105,0,1,HWH,750,250173524002,14638
895,43,1,11,250251104012,13542,3,1,HWH,17000,250173521021,17077
896,26,1,8,250173422011,8968,0,1,HWH,1500,250173422012,4858
897,38,1,8,250251011013,15380,0,1,HWH,750,250250711013,12998
898,51,0,7,250251801011,454,0,0,HWOH,300,250250408013,11342
899,26,1,8,250173531023,4073,3,1,HOH,30000,250173531022,2787
900,32,1,9,250173746001,7171,3,1,HWH,3000,250250606001,8725
901,43,1,10,250173372022,14910,0,1,HOH,300,250250606001,885
902,36,0,7,250173381001,15603,0,1,HWH,1500,250173524002,14837
903,55,0,8,250214033003,18938,0,1,HWH,7000,250173703002,1055
904,20,0,7,250250201014,6673,0,1,HWH,3000,250250203011,12206
905,33,1,9,250250005024,1100,2,1,HWH,17000,250250106001,7305
906,30,1,8,250214176023,15202,0,0,HOH,3000,250173531011,881
907,55,0,6,250173689021,17014,0,0,HWOH,3000,250251204003,496
908,43,1,9,250173503002,13620,0,1,HWH,7000,250173509003,4823
909,43,1,11,250214023001,16627,3,1,HWH,17000,250250704021,806
910,20,0,6,250173501044,16025,2,0,H,1500,250173501031,2374
911,63,1,7,250250404011,6280,0,1,HWH,1500,250173584001,213
912,19,0,11,250250813003,5104,0,1,HWH,750,250250803001,12692
913,49,1,7,250173521021,15765,0,0,HWH,300,250250106001,3053
914,39,0,7,250251404001,8143,0,1,HWH,7000,250250303004,7158
915,26,1,8,250173549001,15342,3,1,HOH,30000,250250303003,6443
916,59,1,8,250251403001,2176,0,1,HWH,1500,250250712011,12083
917,27,0,3,250250708002,4027,-99,0,HOH,7000,250250106001,6483
918,23,1,8,250251605022,1433,0,0,HOH,300,250250107013,4585
919,70,0,8,250173534001,12075,0,1,HWH,750,250173531022,6445
920,54,1,9,250250006014,436,0,0,HWH,1500,250173736002,10649
921,66,1,8,250251010013,7344,0,0,HWH,300,250251005005,6295
922,28,1,11,250250904004,8535,-99,1,H,17000,250250202001,13038
923,47,0,4,250173549003,14907,0,1,H,750,250173524001,15968
924,29,1,6,250214035001,596,2,1,HWH,17000,250214006003,11443
925,52,1,8,250173510001,4863,0,0,HWH,7000,250173537004,8222
926,37,0,8,250173512043,5718,0,1,HWH,7000,250173523002,8264
927,26,1,8,250173414004,459,0,1,HWH,1500,250173513003,2847
928,36,0,7,250092068002,3902,0,1,HWH,1500,250251606021,7169
929,34,1,9,250251705021,7068,2,0,HWH,30000,250250701018,3706
930,73,1,10,250173333003,3131,3,0,HWH,300,250173332004,17860
931,45,1,8,250173545003,6846,0,1,HWH,750,250173546004,6086
932,44,1,7,250250104033,55,0,0,H,1500,250250103002,1213
933,56,0,5,250173541003,7714,-99,1,HWH,300,250250701018,16547
934,40,1,3,250250502001,9078,-99,0,HWH,17000,250250701018,2595
935,56,0,8,250173565001,6711,0,1,HWH,750,250173567014,1849
936,33,1,11,250251006014,16387,0,0,HWH,17000,250173521021,14374
937,61,1,6,250214173002,5979,-99,0,HOH,7000,250173501031,15766
938,38,0,5,250250921015,9939,0,1,HOH,7000,250250911001,2156
939,62,1,8,250173371023,4761,0,1,HWH,750,250173324002,12839
940,50,1,8,250173384004,10564,-99,0,HOH,7000,250173586004,3034
941,70,1,5,250173578003,4013,0,0,HOWOH,1500,250259812021,14170
942,62,0,7,250092059002,17858,0,0,HWH,1500,250173336003,938
943,54,0,5,250250203021,6268,0,1,H,1500,250173336003,12602
944,54,1,11,250173396001,1561,-99,1,HOH,3000,250250106001,5417
945,48,1,2,250173587002,5555,3,1,HWH,30000,250173372023,5626
946,45,1,11,250250919002,7347,2,1,HWH,30000,250250606001,4628
947,31,1,9,250173353011,6276,0,0,HOWOH,750,250250303003,8103
948,33,1,11,250251706012,9205,0,0,HWH,30000,250250008024,6932
949,24,1,9,250250808011,15041,3,1,HWH,7000,250250703001,14978
950,50,1,6,250173521021,5664,0,1,HWH,7000,250173741002,4154
951,63,0,6,250214033003,14586,0,0,H,1500,250250006023,12252
952,70,0,7,250173563006,5762,0,1,HWH,3000,250250909012,110
953,29,1,8,250173364011,5211,0,1,H,7000,250250203032,13223
954,23,1,8,250173740002,8927,3,0,HWH,30000,250250701018,2784
955,62,1,11,250173361002,7074,3,1,HWH,7000,250250702003,6870
956,48,1,11,250173414003,12956,0,0,HWH,300,250250303004,18943
957,70,1,10,250173394001,6153,-99,1,HOH,300,250250001001,16212
958,53,1,11,250251702001,18934,0,0,HWH,1500,250251706011,5418
959,34,1,9,250173504002,6025,3,0,HWH,750,250250707001,10311
960,28,1,6,250250509011,9759,0,1,HOWOH,1500,250250203032,14842
961,58,1,6,250173522001,11098,-99,0,HOH,750,250173521021,5419
962,42,0,7,250251401021,10556,0,1,HWH,300,250250303001,1149
963,25,1,11,250214177012,8618,3,1,HWH,17000,250214180031,10830
964,30,1,10,250173354002,14373,3,1,HWH,17000,250250203011,17312
965,21,0,3,250173733001,4241,2,0,HWH,7000,250173508001,6084
966,30,1,10,250173385004,11521,3,1,HWH,17000,250173382002,2820
967,46,1,10,250173413001,17267,-99,0,HOH,1500,250250406001,11510
968,45,0,6,250250203032,17420,0,0,HWH,7000,250250408013,4430
969,26,1,8,250173334004,15859,0,0,HWH,750,250173335013,7281
970,33,0,5,250173398021,7056,0,1,HWH,300,250173531022,233
971,26,1,8,250173537002,10419,3,1,HWH,7000,250173524002,17027
972,45,1,10,250173688003,18050,0,0,HOH,7000,250250203032,613
973,45,0,8,250173371012,6631,0,0,HOH,7000,250250303004,7982
974,35,1,10,250173578004,16106,0,0,HWH,7000,250173689011,5011
975,70,1,5,250250506001,10407,0,0,H,750,250173531012,8550
976,23,1,6,250173567023,13946,0,1,HWH,7000,250173523002,4835
977,45,1,10,250251003003,1143,0,0,HOH,300,250250702003,17279
978,55,0,4,250173361002,2849,0,0,HWH,750,250173413003,11259
979,38,1,10,250251005002,18955,0,0,HWH,1500,250214191001,15356
980,53,1,6,250251103012,13718,0,0,HOH,1500,250251106073,261
981,49,1,10,250173731005,16110,0,1,HWH,1500,250250701018,6871
982,53,1,9,250092061001,16420,0,0,H,1500,250250106002,3585
983,54,1,11,250259815021,12356,-99,1,HOH,3000,250251604002,8177
984,51,0,6,250173533002,16350,0,1,HOH,750,250250008032,13216
985,25,0,5,250214226005,3916,0,1,HWH,3000,250214041001,2584
986,30,0,7,250251303001,1023,-99,0,H,300,250251106074,6070
987,53,1,11,250214024004,5983,0,1,HOH,3000,250214173001,5333
988,32,1,7,250250910014,2737,0,0,HWH,30000,250250102043,1992
989,64,0,2,250173741003,4852,0,1,HOH,3000,250250303003,13154
990,60,0,7,250173577004,11554,0,0,HWH,1500,250173577001,1533
991,33,0,4,250092066002,7036,0,1,H,30000,250251802003,18940
992,48,1,8,250251005004,7529,0,0,HWH,1500,250250702003,11446
993,33,1,9,250092082004,5396,2,1,HWH,17000,250173423003,9005
994,19,0,11,250092052002,16739,0,1,HWH,750,250092070001,3477
995,51,0,3,250214228002,16974,0,0,HOH,7000,250214012002,6369
996,43,1,5,250214225022,6680,3,0,HWH,30000,250214177014,2040
997,25,1,6,250214003002,832,0,1,HWH,7000,250250810011,1953
998,53,0,5,250173507005,11915,-99,0,HOH,750,250250001001,10601
999,49,0,6,250173416006,12974,0,1,HWH,17000,250250810011,9235
