2010 Based Geography -- PUMA to POWPUMA/MIGPUMA Relationship,,,,,,
,,,,,,
State of Residence (ST),PUMA,Place of Work State (PWSTATE2) or Migration State (MIGPLAC1),PWPUMA00 or MIGPUMA1,,,
01,00100,001,00190,,,
01,00200,001,00290,,,
01,00301,001,00290,,,
01,00302,001,00290,,,
01,00400,001,00400,,,
01,00500,001,00290,,,
01,00600,001,00600,,,
01,00700,001,00700,,,
01,00800,001,00800,,,
01,00900,001,00900,,,
01,01000,001,01000,,,
01,01100,001,01100,,,
01,01200,001,01200,,,
01,01301,001,01300,,,
01,01302,001,01300,,,
01,01303,001,01300,,,
01,01304,001,01300,,,
01,01305,001,01300,,,
01,01400,001,00190,,,
01,01500,001,01590,,,
01,01600,001,01590,,,
01,01700,001,01700,,,
01,01800,001,01800,,,
01,01900,001,01900,,,
01,02000,001,02090,,,
01,02100,001,02090,,,
01,02200,001,02200,,,
01,02300,001,02300,,,
01,02400,001,02400,,,
01,02500,001,02500,,,
01,02600,001,02600,,,
01,02701,001,02700,,,
01,02702,001,02700,,,
01,02703,001,02700,,,
02,00101,002,00100,,,
02,00102,002,00100,,,
02,00200,002,00200,,,
02,00300,002,00300,,,
02,00400,002,00400,,,
04,00100,004,00100,,,
04,00101,004,00100,,,
04,00102,004,00100,,,
04,00103,004,00100,,,
04,00104,004,00100,,,
04,00105,004,00100,,,
04,00106,004,00100,,,
04,00107,004,00100,,,
04,00108,004,00100,,,
04,00109,004,00100,,,
04,00110,004,00100,,,
04,00111,004,00100,,,
04,00112,004,00100,,,
04,00113,004,00100,,,
04,00114,004,00100,,,
04,00115,004,00100,,,
04,00116,004,00100,,,
04,00117,004,00100,,,
04,00118,004,00100,,,
04,00119,004,00100,,,
04,00120,004,00100,,,
04,00121,004,00100,,,
04,00122,004,00100,,,
04,00123,004,00100,,,
04,00124,004,00100,,,
04,00125,004,00100,,,
04,00126,004,00100,,,
04,00127,004,00100,,,
04,00128,004,00100,,,
04,00129,004,00100,,,
04,00130,004,00100,,,
04,00131,004,00100,,,
04,00132,004,00100,,,
04,00133,004,00100,,,
04,00134,004,00100,,,
04,00201,004,00200,,,
04,00202,004,00200,,,
04,00203,004,00200,,,
04,00204,004,00200,,,
04,00205,004,00200,,,
04,00206,004,00200,,,
04,00207,004,00200,,,
04,00208,004,00200,,,
04,00209,004,00200,,,
04,00300,004,00300,,,
04,00400,004,00400,,,
04,00500,004,00500,,,
04,00600,004,00600,,,
04,00700,004,00700,,,
04,00800,004,00800,,,
04,00803,004,00800,,,
04,00805,004,00800,,,
04,00807,004,00800,,,
04,00900,004,00900,,,
05,00100,005,00100,,,
05,00200,005,00200,,,
05,00300,005,00300,,,
05,00400,005,00400,,,
05,00500,005,00590,,,
05,00600,005,00590,,,
05,00700,005,00700,,,
05,00800,005,00800,,,
05,00900,005,00900,,,
05,01000,005,00900,,,
05,01100,005,01100,,,
05,01200,005,01200,,,
05,01300,005,01300,,,
05,01400,005,01400,,,
05,01500,005,01500,,,
05,01600,005,01600,,,
05,01700,005,01790,,,
05,01800,005,01790,,,
05,01900,005,01900,,,
05,02000,005,02000,,,
06,00101,006,00100,,,
06,00102,006,00100,,,
06,00103,006,00100,,,
06,00104,006,00100,,,
06,00105,006,00100,,,
06,00106,006,00100,,,
06,00107,006,00100,,,
06,00108,006,00100,,,
06,00109,006,00100,,,
06,00110,006,00100,,,
06,00300,006,00300,,,
06,00701,006,00700,,,
06,00702,006,00700,,,
06,01100,006,01100,,,
06,01301,006,01300,,,
06,01302,006,01300,,,
06,01303,006,01300,,,
06,01304,006,01300,,,
06,01305,006,01300,,,
06,01306,006,01300,,,
06,01307,006,01300,,,
06,01308,006,01300,,,
06,01309,006,01300,,,
06,01500,006,01500,,,
06,01700,006,01700,,,
06,01901,006,01900,,,
06,01902,006,01900,,,
06,01903,006,01900,,,
06,01904,006,01900,,,
06,01905,006,01900,,,
06,01906,006,01900,,,
06,01907,006,01900,,,
06,02300,006,02300,,,
06,02500,006,02500,,,
06,02901,006,02900,,,
06,02902,006,02900,,,
06,02903,006,02900,,,
06,02904,006,02900,,,
06,02905,006,02900,,,
06,03100,006,03100,,,
06,03300,006,03300,,,
06,03701,006,03700,,,
06,03702,006,03700,,,
06,03703,006,03700,,,
06,03704,006,03700,,,
06,03705,006,03700,,,
06,03706,006,03700,,,
06,03707,006,03700,,,
06,03708,006,03700,,,
06,03709,006,03700,,,
06,03710,006,03700,,,
06,03711,006,03700,,,
06,03712,006,03700,,,
06,03713,006,03700,,,
06,03714,006,03700,,,
06,03715,006,03700,,,
06,03716,006,03700,,,
06,03717,006,03700,,,
06,03718,006,03700,,,
06,03719,006,03700,,,
06,03720,006,03700,,,
06,03721,006,03700,,,
06,03722,006,03700,,,
06,03723,006,03700,,,
06,03724,006,03700,,,
06,03725,006,03700,,,
06,03726,006,03700,,,
06,03727,006,03700,,,
06,03728,006,03700,,,
06,03729,006,03700,,,
06,03730,006,03700,,,
06,03731,006,03700,,,
06,03732,006,03700,,,
06,03733,006,03700,,,
06,03734,006,03700,,,
06,03735,006,03700,,,
06,03736,006,03700,,,
06,03737,006,03700,,,
06,03738,006,03700,,,
06,03739,006,03700,,,
06,03740,006,03700,,,
06,03741,006,03700,,,
06,03742,006,03700,,,
06,03743,006,03700,,,
06,03744,006,03700,,,
06,03745,006,03700,,,
06,03746,006,03700,,,
06,03747,006,03700,,,
06,03748,006,03700,,,
06,03749,006,03700,,,
06,03750,006,03700,,,
06,03751,006,03700,,,
06,03752,006,03700,,,
06,03753,006,03700,,,
06,03754,006,03700,,,
06,03755,006,03700,,,
06,03756,006,03700,,,
06,03757,006,03700,,,
06,03758,006,03700,,,
06,03759,006,03700,,,
06,03760,006,03700,,,
06,03761,006,03700,,,
06,03762,006,03700,,,
06,03763,006,03700,,,
06,03764,006,03700,,,
06,03765,006,03700,,,
06,03766,006,03700,,,
06,03767,006,03700,,,
06,03768,006,03700,,,
06,03769,006,03700,,,
06,03900,006,03900,,,
06,04101,006,04100,,,
06,04102,006,04100,,,
06,04701,006,04700,,,
06,04702,006,04700,,,
06,05301,006,05300,,,
06,05302,006,05300,,,
06,05303,006,05300,,,
06,05500,006,05500,,,
06,05700,006,05700,,,
06,05901,006,05900,,,
06,05902,006,05900,,,
06,05903,006,05900,,,
06,05904,006,05900,,,
06,05905,006,05900,,,
06,05906,006,05900,,,
06,05907,006,05900,,,
06,05908,006,05900,,,
06,05909,006,05900,,,
06,05910,006,05900,,,
06,05911,006,05900,,,
06,05912,006,05900,,,
06,05913,006,05900,,,
06,05914,006,05900,,,
06,05915,006,05900,,,
06,05916,006,05900,,,
06,05917,006,05900,,,
06,05918,006,05900,,,
06,06101,006,06100,,,
06,06102,006,06100,,,
06,06103,006,06100,,,
06,06501,006,06500,,,
06,06502,006,06500,,,
06,06503,006,06500,,,
06,06504,006,06500,,,
06,06505,006,06500,,,
06,06506,006,06500,,,
06,06507,006,06500,,,
06,06508,006,06500,,,
06,06509,006,06500,,,
06,06510,006,06500,,,
06,06511,006,06500,,,
06,06512,006,06500,,,
06,06513,006,06500,,,
06,06514,006,06500,,,
06,06515,006,06500,,,
06,06701,006,06700,,,
06,06702,006,06700,,,
06,06703,006,06700,,,
06,06704,006,06700,,,
06,06705,006,06700,,,
06,06706,006,06700,,,
06,06707,006,06700,,,
06,06708,006,06700,,,
06,06709,006,06700,,,
06,06710,006,06700,,,
06,06711,006,06700,,,
06,06712,006,06700,,,
06,07101,006,07100,,,
06,07102,006,07100,,,
06,07103,006,07100,,,
06,07104,006,07100,,,
06,07105,006,07100,,,
06,07106,006,07100,,,
06,07107,006,07100,,,
06,07108,006,07100,,,
06,07109,006,07100,,,
06,07110,006,07100,,,
06,07111,006,07100,,,
06,07112,006,07100,,,
06,07113,006,07100,,,
06,07114,006,07100,,,
06,07115,006,07100,,,
06,07301,006,07300,,,
06,07302,006,07300,,,
06,07303,006,07300,,,
06,07304,006,07300,,,
06,07305,006,07300,,,
06,07306,006,07300,,,
06,07307,006,07300,,,
06,07308,006,07300,,,
06,07309,006,07300,,,
06,07310,006,07300,,,
06,07311,006,07300,,,
06,07312,006,07300,,,
06,07313,006,07300,,,
06,07314,006,07300,,,
06,07315,006,07300,,,
06,07316,006,07300,,,
06,07317,006,07300,,,
06,07318,006,07300,,,
06,07319,006,07300,,,
06,07320,006,07300,,,
06,07321,006,07300,,,
06,07322,006,07300,,,
06,07501,006,07500,,,
06,07502,006,07500,,,
06,07503,006,07500,,,
06,07504,006,07500,,,
06,07505,006,07500,,,
06,07506,006,07500,,,
06,07507,006,07500,,,
06,07701,006,07700,,,
06,07702,006,07700,,,
06,07703,006,07700,,,
06,07704,006,07700,,,
06,07901,006,07900,,,
06,07902,006,07900,,,
06,08101,006,08100,,,
06,08102,006,08100,,,
06,08103,006,08100,,,
06,08104,006,08100,,,
06,08105,006,08100,,,
06,08106,006,08100,,,
06,08301,006,08300,,,
06,08302,006,08300,,,
06,08303,006,08300,,,
06,08501,006,08500,,,
06,08502,006,08500,,,
06,08503,006,08500,,,
06,08504,006,08500,,,
06,08505,006,08500,,,
06,08506,006,08500,,,
06,08507,006,08500,,,
06,08508,006,08500,,,
06,08509,006,08500,,,
06,08510,006,08500,,,
06,08511,006,08500,,,
06,08512,006,08500,,,
06,08513,006,08500,,,
06,08514,006,08500,,,
06,08701,006,08700,,,
06,08702,006,08700,,,
06,08900,006,08900,,,
06,09501,006,09500,,,
06,09502,006,09500,,,
06,09503,006,09500,,,
06,09701,006,09700,,,
06,09702,006,09700,,,
06,09703,006,09700,,,
06,09901,006,09900,,,
06,09902,006,09900,,,
06,09903,006,09900,,,
06,09904,006,09900,,,
06,10100,006,10100,,,
06,10701,006,10700,,,
06,10702,006,10700,,,
06,10703,006,10700,,,
06,11101,006,11100,,,
06,11102,006,11100,,,
06,11103,006,11100,,,
06,11104,006,11100,,,
06,11105,006,11100,,,
06,11106,006,11100,,,
06,11300,006,11300,,,
08,00100,008,00190,,,
08,00102,008,00100,,,
08,00103,008,00100,,,
08,00200,008,00200,,,
08,00300,008,00190,,,
08,00400,008,00400,,,
08,00600,008,00690,,,
08,00700,008,00690,,,
08,00800,008,00690,,,
08,00801,008,00190,,,
08,00802,008,00190,,,
08,00803,008,00190,,,
08,00804,008,00190,,,
08,00805,008,00190,,,
08,00806,008,00190,,,
08,00807,008,00190,,,
08,00808,008,00190,,,
08,00809,008,00190,,,
08,00810,008,00190,,,
08,00811,008,00190,,,
08,00812,008,00190,,,
08,00813,008,00190,,,
08,00814,008,00190,,,
08,00815,008,00190,,,
08,00816,008,00190,,,
08,00817,008,00190,,,
08,00818,008,00190,,,
08,00819,008,00190,,,
08,00820,008,00190,,,
08,00821,008,00190,,,
08,00822,008,00190,,,
08,00823,008,00190,,,
08,00824,008,00190,,,
08,00900,008,00900,,,
08,01001,008,01000,,,
08,01002,008,01000,,,
08,04101,008,04100,,,
08,04102,008,04100,,,
08,04103,008,04100,,,
08,04104,008,04100,,,
08,04105,008,04100,,,
08,04106,008,04100,,,
09,00100,009,00100,,,
09,00101,009,00100,,,
09,00102,009,00100,,,
09,00103,009,00100,,,
09,00104,009,00100,,,
09,00105,009,00100,,,
09,00300,009,00300,,,
09,00301,009,00300,,,
09,00302,009,00300,,,
09,00303,009,00300,,,
09,00304,009,00300,,,
09,00305,009,00300,,,
09,00306,009,00300,,,
09,00500,009,00500,,,
09,00700,009,00700,,,
09,00900,009,00900,,,
09,00901,009,00900,,,
09,00902,009,00900,,,
09,00903,009,00900,,,
09,00904,009,00900,,,
09,00905,009,00900,,,
09,00906,009,00900,,,
09,01100,009,01100,,,
09,01101,009,01100,,,
09,01300,009,01300,,,
09,01500,009,01500,,,
10,00101,010,00100,,,
10,00102,010,00100,,,
10,00103,010,00100,,,
10,00104,010,00100,,,
10,00200,010,00200,,,
10,00300,010,00300,,,
11,00101,011,00100,,,
11,00102,011,00100,,,
11,00103,011,00100,,,
11,00104,011,00100,,,
11,00105,011,00100,,,
12,00101,012,00100,,,
12,00102,012,00100,,,
12,00500,012,00500,,,
12,00901,012,00900,,,
12,00902,012,00900,,,
12,00903,012,00900,,,
12,00904,012,00900,,,
12,01101,012,01100,,,
12,01102,012,01100,,,
12,01103,012,01100,,,
12,01104,012,01100,,,
12,01105,012,01100,,,
12,01106,012,01100,,,
12,01107,012,01100,,,
12,01108,012,01100,,,
12,01109,012,01100,,,
12,01110,012,01100,,,
12,01111,012,01100,,,
12,01112,012,01100,,,
12,01113,012,01100,,,
12,01114,012,01100,,,
12,01500,012,01500,,,
12,01701,012,01701,,,
12,01900,012,01900,,,
12,02101,012,02100,,,
12,02102,012,02100,,,
12,02103,012,02100,,,
12,02300,012,02300,,,
12,02700,012,02790,,,
12,03101,012,03100,,,
12,03102,012,03100,,,
12,03103,012,03100,,,
12,03104,012,03100,,,
12,03105,012,03100,,,
12,03106,012,03100,,,
12,03107,012,03100,,,
12,03301,012,03300,,,
12,03302,012,03300,,,
12,03500,012,03590,,,
12,05301,012,05301,,,
12,05701,012,05700,,,
12,05702,012,05700,,,
12,05703,012,05700,,,
12,05704,012,05700,,,
12,05705,012,05700,,,
12,05706,012,05700,,,
12,05707,012,05700,,,
12,05708,012,05700,,,
12,06100,012,06100,,,
12,06300,012,06300,,,
12,06901,012,06900,,,
12,06902,012,06900,,,
12,06903,012,06900,,,
12,07101,012,07100,,,
12,07102,012,07100,,,
12,07103,012,07100,,,
12,07104,012,07100,,,
12,07105,012,07100,,,
12,07300,012,07300,,,
12,07301,012,07300,,,
12,08101,012,08100,,,
12,08102,012,08100,,,
12,08103,012,08100,,,
12,08301,012,08300,,,
12,08302,012,08300,,,
12,08303,012,08300,,,
12,08500,012,08500,,,
12,08601,012,08690,,,
12,08602,012,08690,,,
12,08603,012,08690,,,
12,08604,012,08690,,,
12,08605,012,08690,,,
12,08606,012,08690,,,
12,08607,012,08690,,,
12,08608,012,08690,,,
12,08609,012,08690,,,
12,08610,012,08690,,,
12,08611,012,08690,,,
12,08612,012,08690,,,
12,08613,012,08690,,,
12,08614,012,08690,,,
12,08615,012,08690,,,
12,08616,012,08690,,,
12,08617,012,08690,,,
12,08618,012,08690,,,
12,08619,012,08690,,,
12,08620,012,08690,,,
12,08621,012,08690,,,
12,08622,012,08690,,,
12,08623,012,08690,,,
12,08624,012,08690,,,
12,08700,012,08690,,,
12,08900,012,08900,,,
12,09100,012,09100,,,
12,09300,012,02790,,,
12,09501,012,09500,,,
12,09502,012,09500,,,
12,09503,012,09500,,,
12,09504,012,09500,,,
12,09505,012,09500,,,
12,09506,012,09500,,,
12,09507,012,09500,,,
12,09508,012,09500,,,
12,09509,012,09500,,,
12,09510,012,09500,,,
12,09701,012,09700,,,
12,09702,012,09700,,,
12,09901,012,09900,,,
12,09902,012,09900,,,
12,09903,012,09900,,,
12,09904,012,09900,,,
12,09905,012,09900,,,
12,09906,012,09900,,,
12,09907,012,09900,,,
12,09908,012,09900,,,
12,09909,012,09900,,,
12,09910,012,09900,,,
12,09911,012,09900,,,
12,10101,012,10100,,,
12,10102,012,10100,,,
12,10103,012,10100,,,
12,10104,012,10100,,,
12,10301,012,10300,,,
12,10302,012,10300,,,
12,10303,012,10300,,,
12,10304,012,10300,,,
12,10305,012,10300,,,
12,10306,012,10300,,,
12,10307,012,10300,,,
12,10308,012,10300,,,
12,10501,012,10500,,,
12,10502,012,10500,,,
12,10503,012,10500,,,
12,10504,012,10500,,,
12,10700,012,10790,,,
12,10900,012,10790,,,
12,11101,012,11100,,,
12,11102,012,11100,,,
12,11300,012,11300,,,
12,11501,012,11500,,,
12,11502,012,11500,,,
12,11503,012,11500,,,
12,11701,012,11700,,,
12,11702,012,11700,,,
12,11703,012,11700,,,
12,11704,012,11700,,,
12,12100,012,12100,,,
12,12701,012,03590,,,
12,12702,012,03590,,,
12,12703,012,03590,,,
12,12704,012,03590,,,
13,00100,013,00100,,,
13,00200,013,00200,,,
13,00300,013,00300,,,
13,00401,013,00400,,,
13,00402,013,00400,,,
13,00500,013,00500,,,
13,00600,013,00600,,,
13,00700,013,00700,,,
13,00800,013,00800,,,
13,00900,013,00900,,,
13,01001,013,01090,,,
13,01002,013,01090,,,
13,01003,013,01090,,,
13,01004,013,01090,,,
13,01005,013,01090,,,
13,01006,013,01090,,,
13,01007,013,01090,,,
13,01008,013,01090,,,
13,01100,013,01100,,,
13,01200,013,01200,,,
13,01300,013,01300,,,
13,01400,013,01400,,,
13,01500,013,01500,,,
13,01600,013,01600,,,
13,01700,013,01700,,,
13,01800,013,01800,,,
13,01900,013,01900,,,
13,02001,013,01090,,,
13,02002,013,01090,,,
13,02003,013,01090,,,
13,02004,013,01090,,,
13,02100,013,02100,,,
13,02200,013,02200,,,
13,02300,013,02300,,,
13,02400,013,02400,,,
13,02500,013,02500,,,
13,02600,013,02600,,,
13,02700,013,02700,,,
13,02800,013,02800,,,
13,02900,013,02900,,,
13,03001,013,03000,,,
13,03002,013,03000,,,
13,03003,013,03000,,,
13,03004,013,03000,,,
13,03005,013,03000,,,
13,03101,013,03100,,,
13,03102,013,03100,,,
13,03200,013,03200,,,
13,03300,013,03300,,,
13,03400,013,03400,,,
13,03500,013,03500,,,
13,03600,013,03600,,,
13,03700,013,03700,,,
13,03800,013,03800,,,
13,03900,013,03900,,,
13,04000,013,04000,,,
13,04001,013,04007,,,
13,04002,013,04007,,,
13,04003,013,04007,,,
13,04004,013,04007,,,
13,04005,013,04007,,,
13,04006,013,04007,,,
13,04100,013,04100,,,
13,04200,013,04200,,,
13,04300,013,04300,,,
13,04400,013,04400,,,
13,04500,013,04500,,,
13,04600,013,01090,,,
13,05001,013,05000,,,
13,05002,013,05000,,,
13,06001,013,06000,,,
13,06002,013,06000,,,
15,00100,015,00100,,,
15,00200,015,00200,,,
15,00301,015,00300,,,
15,00302,015,00300,,,
15,00303,015,00300,,,
15,00304,015,00300,,,
15,00305,015,00300,,,
15,00306,015,00300,,,
15,00307,015,00300,,,
15,00308,015,00300,,,
16,00100,016,00190,,,
16,00200,016,00190,,,
16,00300,016,00300,,,
16,00400,016,00490,,,
16,00500,016,00490,,,
16,00600,016,00490,,,
16,00701,016,00490,,,
16,00702,016,00490,,,
16,00800,016,00490,,,
16,00900,016,00900,,,
16,01000,016,01000,,,
16,01100,016,01190,,,
16,01200,016,01200,,,
16,01300,016,01190,,,
17,00104,017,00104,,,
17,00105,017,00105,,,
17,00202,017,00202,,,
17,00300,017,00300,,,
17,00401,017,00401,,,
17,00501,017,00501,,,
17,00600,017,00600,,,
17,00700,017,00700,,,
17,00800,017,00800,,,
17,00900,017,00900,,,
17,01001,017,01001,,,
17,01104,017,01100,,,
17,01105,017,01100,,,
17,01204,017,01200,,,
17,01205,017,01200,,,
17,01300,017,01300,,,
17,01500,017,01500,,,
17,01602,017,01602,,,
17,01701,017,01701,,,
17,01900,017,01900,,,
17,02000,017,02000,,,
17,02100,017,02100,,,
17,02200,017,02200,,,
17,02300,017,02300,,,
17,02400,017,02400,,,
17,02501,017,02501,,,
17,02601,017,02601,,,
17,02700,017,02700,,,
17,02801,017,02890,,,
17,02901,017,02890,,,
17,03005,017,03000,,,
17,03007,017,03000,,,
17,03008,017,03000,,,
17,03009,017,03000,,,
17,03102,017,03100,,,
17,03105,017,03100,,,
17,03106,017,03100,,,
17,03107,017,03100,,,
17,03108,017,03100,,,
17,03202,017,03200,,,
17,03203,017,03200,,,
17,03204,017,03200,,,
17,03205,017,03200,,,
17,03207,017,03200,,,
17,03208,017,03200,,,
17,03209,017,03200,,,
17,03306,017,03300,,,
17,03307,017,03300,,,
17,03308,017,03300,,,
17,03309,017,03300,,,
17,03310,017,03300,,,
17,03401,017,03400,,,
17,03407,017,03400,,,
17,03408,017,03400,,,
17,03409,017,03400,,,
17,03410,017,03400,,,
17,03411,017,03400,,,
17,03412,017,03400,,,
17,03413,017,03400,,,
17,03414,017,03400,,,
17,03415,017,03400,,,
17,03416,017,03400,,,
17,03417,017,03400,,,
17,03418,017,03400,,,
17,03419,017,03400,,,
17,03420,017,03400,,,
17,03421,017,03400,,,
17,03422,017,03400,,,
17,03501,017,03400,,,
17,03502,017,03400,,,
17,03503,017,03400,,,
17,03504,017,03400,,,
17,03520,017,03400,,,
17,03521,017,03400,,,
17,03522,017,03400,,,
17,03523,017,03400,,,
17,03524,017,03400,,,
17,03525,017,03400,,,
17,03526,017,03400,,,
17,03527,017,03400,,,
17,03528,017,03400,,,
17,03529,017,03400,,,
17,03530,017,03400,,,
17,03531,017,03400,,,
17,03532,017,03400,,,
17,03601,017,03600,,,
17,03602,017,03600,,,
17,03700,017,03700,,,
18,00101,018,00100,,,
18,00102,018,00100,,,
18,00103,018,00100,,,
18,00104,018,00100,,,
18,00200,018,00200,,,
18,00300,018,00300,,,
18,00401,018,00400,,,
18,00402,018,00400,,,
18,00500,018,00500,,,
18,00600,018,00600,,,
18,00700,018,00700,,,
18,00800,018,00800,,,
18,00900,018,00900,,,
18,01001,018,01000,,,
18,01002,018,01000,,,
18,01003,018,01000,,,
18,01100,018,01100,,,
18,01200,018,01200,,,
18,01300,018,01300,,,
18,01400,018,01400,,,
18,01500,018,01500,,,
18,01600,018,01600,,,
18,01700,018,01700,,,
18,01801,018,01800,,,
18,01802,018,01800,,,
18,01803,018,01800,,,
18,01900,018,01900,,,
18,02000,018,02000,,,
18,02100,018,02100,,,
18,02200,018,02200,,,
18,02301,018,02300,,,
18,02302,018,02300,,,
18,02303,018,02300,,,
18,02304,018,02300,,,
18,02305,018,02300,,,
18,02306,018,02300,,,
18,02307,018,02300,,,
18,02400,018,02400,,,
18,02500,018,02500,,,
18,02600,018,02600,,,
18,02700,018,02700,,,
18,02800,018,02800,,,
18,02900,018,02900,,,
18,03000,018,03000,,,
18,03100,018,03100,,,
18,03200,018,03200,,,
18,03300,018,03300,,,
18,03400,018,03400,,,
18,03500,018,03500,,,
18,03600,018,03600,,,
19,00100,019,00100,,,
19,00200,019,00200,,,
19,00400,019,00400,,,
19,00500,019,00500,,,
19,00600,019,00600,,,
19,00700,019,00700,,,
19,00800,019,00800,,,
19,00900,019,00900,,,
19,01000,019,01000,,,
19,01100,019,01100,,,
19,01200,019,01200,,,
19,01300,019,01300,,,
19,01400,019,01490,,,
19,01500,019,01490,,,
19,01600,019,01490,,,
19,01700,019,01490,,,
19,01800,019,01800,,,
19,01900,019,01900,,,
19,02000,019,02000,,,
19,02100,019,02100,,,
19,02200,019,02200,,,
19,02300,019,02300,,,
20,00100,020,00100,,,
20,00200,020,00200,,,
20,00300,020,00300,,,
20,00400,020,00400,,,
20,00500,020,00500,,,
20,00601,020,00600,,,
20,00602,020,00600,,,
20,00603,020,00600,,,
20,00604,020,00600,,,
20,00700,020,00700,,,
20,00801,020,00800,,,
20,00802,020,00800,,,
20,00900,020,00990,,,
20,01000,020,01000,,,
20,01100,020,00990,,,
20,01200,020,01200,,,
20,01301,020,01300,,,
20,01302,020,01300,,,
20,01303,020,01300,,,
20,01304,020,01300,,,
20,01400,020,01400,,,
20,01500,020,01500,,,
21,00100,021,00100,,,
21,00200,021,00200,,,
21,00300,021,00300,,,
21,00400,021,00400,,,
21,00500,021,00500,,,
21,00600,021,00600,,,
21,00700,021,00700,,,
21,00800,021,00800,,,
21,00900,021,00900,,,
21,01000,021,01000,,,
21,01100,021,01100,,,
21,01200,021,01290,,,
21,01300,021,01290,,,
21,01400,021,01400,,,
21,01500,021,01500,,,
21,01600,021,01690,,,
21,01701,021,01700,,,
21,01702,021,01700,,,
21,01703,021,01700,,,
21,01704,021,01700,,,
21,01705,021,01700,,,
21,01706,021,01700,,,
21,01800,021,01690,,,
21,01901,021,01900,,,
21,01902,021,01900,,,
21,02000,021,02000,,,
21,02100,021,02100,,,
21,02200,021,02200,,,
21,02300,021,02300,,,
21,02400,021,02400,,,
21,02500,021,02500,,,
21,02600,021,02600,,,
21,02700,021,02700,,,
21,02800,021,02800,,,
22,00100,022,00100,,,
22,00101,022,00100,,,
22,00200,022,00200,,,
22,00300,022,00300,,,
22,00400,022,00400,,,
22,00500,022,00500,,,
22,00600,022,00600,,,
22,00700,022,00700,,,
22,00800,022,00890,,,
22,00900,022,00890,,,
22,01000,022,01000,,,
22,01100,022,01100,,,
22,01200,022,01200,,,
22,01201,022,01200,,,
22,01300,022,01300,,,
22,01400,022,01400,,,
22,01500,022,01500,,,
22,01501,022,01500,,,
22,01502,022,01500,,,
22,01600,022,01600,,,
22,01700,022,01700,,,
22,01800,022,01800,,,
22,01900,022,01900,,,
22,02000,022,02000,,,
22,02100,022,02100,,,
22,02200,022,02200,,,
22,02201,022,02200,,,
22,02300,022,02390,,,
22,02301,022,02390,,,
22,02302,022,02390,,,
22,02400,022,02400,,,
22,02401,022,02400,,,
22,02402,022,02400,,,
22,02500,022,02390,,,
23,00100,023,00100,,,
23,00200,023,00200,,,
23,00300,023,00300,,,
23,00400,023,00400,,,
23,00500,023,00500,,,
23,00600,023,00600,,,
23,00700,023,00790,,,
23,00800,023,00790,,,
23,00900,023,00790,,,
23,01000,023,00790,,,
24,00100,024,00100,,,
24,00200,024,00200,,,
24,00301,024,00300,,,
24,00302,024,00300,,,
24,00400,024,00400,,,
24,00501,024,00500,,,
24,00502,024,00500,,,
24,00503,024,00500,,,
24,00504,024,00500,,,
24,00505,024,00500,,,
24,00506,024,00500,,,
24,00507,024,00500,,,
24,00601,024,00600,,,
24,00602,024,00600,,,
24,00700,024,00700,,,
24,00801,024,00800,,,
24,00802,024,00800,,,
24,00803,024,00800,,,
24,00804,024,00800,,,
24,00805,024,00800,,,
24,00901,024,00900,,,
24,00902,024,00900,,,
24,01001,024,01000,,,
24,01002,024,01000,,,
24,01003,024,01000,,,
24,01004,024,01000,,,
24,01005,024,01000,,,
24,01006,024,01000,,,
24,01007,024,01000,,,
24,01101,024,01100,,,
24,01102,024,01100,,,
24,01103,024,01100,,,
24,01104,024,01100,,,
24,01105,024,01100,,,
24,01106,024,01100,,,
24,01107,024,01100,,,
24,01201,024,01200,,,
24,01202,024,01200,,,
24,01203,024,01200,,,
24,01204,024,01200,,,
24,01300,024,01300,,,
24,01400,024,01400,,,
24,01500,024,01500,,,
24,01600,024,01600,,,
25,00100,025,00100,,,
25,00200,025,00290,,,
25,00300,025,00390,,,
25,00301,025,00390,,,
25,00302,025,00390,,,
25,00303,025,00390,,,
25,00304,025,00390,,,
25,00400,025,00390,,,
25,00501,025,00390,,,
25,00502,025,00390,,,
25,00503,025,00390,,,
25,00504,025,00390,,,
25,00505,025,00390,,,
25,00506,025,00390,,,
25,00507,025,00390,,,
25,00508,025,00390,,,
25,00701,025,00390,,,
25,00702,025,00390,,,
25,00703,025,00390,,,
25,00704,025,00390,,,
25,01000,025,00390,,,
25,01300,025,00390,,,
25,01400,025,00390,,,
25,01600,025,00290,,,
25,01900,025,00290,,,
25,01901,025,00290,,,
25,01902,025,00290,,,
25,02400,025,00390,,,
25,02800,025,00390,,,
25,03301,025,03300,,,
25,03302,025,03300,,,
25,03303,025,03300,,,
25,03304,025,03300,,,
25,03305,025,03300,,,
25,03306,025,03300,,,
25,03400,025,00390,,,
25,03500,025,00390,,,
25,03601,025,00390,,,
25,03602,025,00390,,,
25,03603,025,00390,,,
25,03900,025,00390,,,
25,04000,025,00390,,,
25,04200,025,00390,,,
25,04301,025,00390,,,
25,04302,025,00390,,,
25,04303,025,00390,,,
25,04500,025,00390,,,
25,04700,025,04790,,,
25,04800,025,04790,,,
25,04901,025,00390,,,
25,04902,025,00390,,,
25,04903,025,00390,,,
26,00100,026,00100,,,
26,00200,026,00200,,,
26,00300,026,00300,,,
26,00400,026,00400,,,
26,00500,026,00500,,,
26,00600,026,00600,,,
26,00700,026,00700,,,
26,00801,026,00800,,,
26,00802,026,00800,,,
26,00900,026,00900,,,
26,01001,026,01000,,,
26,01002,026,01000,,,
26,01003,026,01000,,,
26,01004,026,01000,,,
26,01100,026,01100,,,
26,01200,026,01200,,,
26,01300,026,01300,,,
26,01400,026,01400,,,
26,01500,026,01500,,,
26,01600,026,01600,,,
26,01701,026,01700,,,
26,01702,026,01700,,,
26,01703,026,01700,,,
26,01704,026,01700,,,
26,01801,026,01800,,,
26,01802,026,01800,,,
26,01900,026,01900,,,
26,02000,026,02000,,,
26,02101,026,02100,,,
26,02102,026,02100,,,
26,02200,026,02200,,,
26,02300,026,02300,,,
26,02400,026,02400,,,
26,02500,026,02500,,,
26,02600,026,02600,,,
26,02701,026,02700,,,
26,02702,026,02700,,,
26,02703,026,02700,,,
26,02800,026,02800,,,
26,02901,026,02900,,,
26,02902,026,02900,,,
26,02903,026,02900,,,
26,02904,026,02900,,,
26,02905,026,02900,,,
26,02906,026,02900,,,
26,02907,026,02900,,,
26,02908,026,02900,,,
26,03001,026,03000,,,
26,03002,026,03000,,,
26,03003,026,03000,,,
26,03004,026,03000,,,
26,03005,026,03000,,,
26,03006,026,03000,,,
26,03100,026,03100,,,
26,03201,026,03200,,,
26,03202,026,03200,,,
26,03203,026,03200,,,
26,03204,026,03200,,,
26,03205,026,03200,,,
26,03206,026,03200,,,
26,03207,026,03200,,,
26,03208,026,03200,,,
26,03209,026,03200,,,
26,03210,026,03200,,,
26,03211,026,03200,,,
26,03212,026,03200,,,
26,03213,026,03200,,,
26,03300,026,03300,,,
27,00100,027,00100,,,
27,00200,027,00200,,,
27,00300,027,00390,,,
27,00400,027,00390,,,
27,00500,027,00390,,,
27,00600,027,00600,,,
27,00700,027,00700,,,
27,00800,027,00800,,,
27,00900,027,00900,,,
27,01000,027,01000,,,
27,01101,027,01100,,,
27,01102,027,01100,,,
27,01103,027,01100,,,
27,01201,027,01200,,,
27,01202,027,01200,,,
27,01301,027,01300,,,
27,01302,027,01300,,,
27,01303,027,01300,,,
27,01304,027,01300,,,
27,01401,027,01400,,,
27,01402,027,01400,,,
27,01403,027,01400,,,
27,01404,027,01400,,,
27,01405,027,01400,,,
27,01406,027,01400,,,
27,01407,027,01400,,,
27,01408,027,01400,,,
27,01409,027,01400,,,
27,01410,027,01400,,,
27,01501,027,01500,,,
27,01502,027,01500,,,
27,01503,027,01500,,,
27,01600,027,01690,,,
27,01700,027,01690,,,
27,01800,027,01800,,,
27,01900,027,01900,,,
27,02000,027,02000,,,
27,02100,027,02100,,,
27,02200,027,02200,,,
27,02300,027,02300,,,
27,02400,027,02400,,,
27,02500,027,02500,,,
27,02600,027,02600,,,
28,00100,028,00100,,,
28,00200,028,00200,,,
28,00300,028,00300,,,
28,00400,028,00400,,,
28,00500,028,00500,,,
28,00600,028,00600,,,
28,00700,028,00700,,,
28,00800,028,00800,,,
28,00900,028,00990,,,
28,01000,028,00990,,,
28,01100,028,00990,,,
28,01200,028,00990,,,
28,01300,028,01300,,,
28,01400,028,01400,,,
28,01500,028,01500,,,
28,01600,028,01600,,,
28,01700,028,01700,,,
28,01800,028,01800,,,
28,01900,028,01900,,,
28,02000,028,02000,,,
28,02100,028,02100,,,
29,00100,029,00100,,,
29,00200,029,00200,,,
29,00300,029,00300,,,
29,00400,029,00400,,,
29,00500,029,00500,,,
29,00600,029,00600,,,
29,00700,029,00700,,,
29,00800,029,00800,,,
29,00901,029,00900,,,
29,00902,029,00900,,,
29,00903,029,00900,,,
29,01001,029,01000,,,
29,01002,029,01000,,,
29,01003,029,01000,,,
29,01004,029,01000,,,
29,01005,029,01000,,,
29,01100,029,01100,,,
29,01200,029,01200,,,
29,01300,029,01300,,,
29,01400,029,01400,,,
29,01500,029,01500,,,
29,01600,029,01600,,,
29,01701,029,01700,,,
29,01702,029,01700,,,
29,01703,029,01700,,,
29,01801,029,01800,,,
29,01802,029,01800,,,
29,01803,029,01800,,,
29,01804,029,01800,,,
29,01805,029,01800,,,
29,01806,029,01800,,,
29,01807,029,01800,,,
29,01808,029,01800,,,
29,01901,029,01900,,,
29,01902,029,01900,,,
29,02001,029,02000,,,
29,02002,029,02000,,,
29,02100,029,02100,,,
29,02200,029,02200,,,
29,02300,029,02300,,,
29,02400,029,02400,,,
29,02500,029,02500,,,
29,02601,029,02600,,,
29,02602,029,02600,,,
29,02603,029,02600,,,
29,02700,029,02700,,,
29,02800,029,02800,,,
30,00100,030,00100,,,
30,00200,030,00200,,,
30,00300,030,00300,,,
30,00400,030,00400,,,
30,00500,030,00500,,,
30,00600,030,00690,,,
30,00700,030,00690,,,
31,00100,031,00100,,,
31,00200,031,00200,,,
31,00300,031,00300,,,
31,00400,031,00400,,,
31,00500,031,00500,,,
31,00600,031,00600,,,
31,00701,031,00701,,,
31,00702,031,00702,,,
31,00801,031,00800,,,
31,00802,031,00800,,,
31,00901,031,00900,,,
31,00902,031,00900,,,
31,00903,031,00900,,,
31,00904,031,00900,,,
32,00101,032,00100,,,
32,00102,032,00100,,,
32,00103,032,00100,,,
32,00200,032,00200,,,
32,00300,032,00300,,,
32,00401,032,00400,,,
32,00402,032,00400,,,
32,00403,032,00400,,,
32,00404,032,00400,,,
32,00405,032,00400,,,
32,00406,032,00400,,,
32,00407,032,00400,,,
32,00408,032,00400,,,
32,00409,032,00400,,,
32,00410,032,00400,,,
32,00411,032,00400,,,
32,00412,032,00400,,,
32,00413,032,00400,,,
33,00100,033,00100,,,
33,00200,033,00290,,,
33,00300,033,00290,,,
33,00400,033,00290,,,
33,00500,033,00500,,,
33,00600,033,00290,,,
33,00700,033,00290,,,
33,00800,033,00290,,,
33,00900,033,00290,,,
33,01000,033,00290,,,
34,00101,034,00190,,,
34,00102,034,00190,,,
34,00301,034,00300,,,
34,00302,034,00300,,,
34,00303,034,00300,,,
34,00304,034,00300,,,
34,00305,034,00300,,,
34,00306,034,00300,,,
34,00307,034,00300,,,
34,00308,034,00300,,,
34,00400,034,00400,,,
34,00501,034,00400,,,
34,00502,034,00400,,,
34,00503,034,00400,,,
34,00601,034,00600,,,
34,00602,034,00600,,,
34,00701,034,00600,,,
34,00702,034,00600,,,
34,00703,034,00600,,,
34,00800,034,00800,,,
34,00901,034,00900,,,
34,00902,034,00900,,,
34,00903,034,00900,,,
34,00904,034,00900,,,
34,00905,034,00900,,,
34,00906,034,00900,,,
34,00907,034,00900,,,
34,01001,034,01000,,,
34,01002,034,01000,,,
34,01003,034,01000,,,
34,01101,034,01100,,,
34,01102,034,01100,,,
34,01103,034,01100,,,
34,01104,034,01100,,,
34,01105,034,01100,,,
34,01106,034,01100,,,
34,01201,034,01200,,,
34,01202,034,01200,,,
34,01203,034,01200,,,
34,01204,034,01200,,,
34,01205,034,01200,,,
34,01301,034,01300,,,
34,01302,034,01300,,,
34,01401,034,01300,,,
34,01402,034,01300,,,
34,01403,034,01300,,,
34,01404,034,01300,,,
34,01501,034,01500,,,
34,01502,034,01500,,,
34,01503,034,01500,,,
34,01504,034,01500,,,
34,01600,034,01600,,,
34,01700,034,01700,,,
34,01800,034,01800,,,
34,01901,034,01800,,,
34,01902,034,01800,,,
34,01903,034,01800,,,
34,01904,034,01800,,,
34,02001,034,02000,,,
34,02002,034,02000,,,
34,02003,034,02000,,,
34,02101,034,02100,,,
34,02102,034,02100,,,
34,02103,034,02100,,,
34,02104,034,02100,,,
34,02201,034,02200,,,
34,02202,034,02200,,,
34,02301,034,02300,,,
34,02302,034,02300,,,
34,02303,034,02300,,,
34,02400,034,02490,,,
34,02500,034,02490,,,
34,02600,034,00190,,,
35,00100,035,00190,,,
35,00200,035,00190,,,
35,00300,035,00300,,,
35,00400,035,00400,,,
35,00500,035,00500,,,
35,00600,035,00600,,,
35,00700,035,00790,,,
35,00801,035,00790,,,
35,00802,035,00790,,,
35,00803,035,00790,,,
35,00804,035,00790,,,
35,00805,035,00790,,,
35,00806,035,00790,,,
35,00900,035,00900,,,
35,01001,035,01000,,,
35,01002,035,01000,,,
35,01100,035,01100,,,
35,01200,035,01200,,,
36,00100,036,00100,,,
36,00200,036,00200,,,
36,00300,036,00300,,,
36,00401,036,00400,,,
36,00402,036,00400,,,
36,00403,036,00400,,,
36,00500,036,00500,,,
36,00600,036,00600,,,
36,00701,036,00700,,,
36,00702,036,00700,,,
36,00703,036,00700,,,
36,00704,036,00700,,,
36,00800,036,00800,,,
36,00901,036,00900,,,
36,00902,036,00900,,,
36,00903,036,00900,,,
36,00904,036,00900,,,
36,00905,036,00900,,,
36,00906,036,00900,,,
36,01000,036,01000,,,
36,01101,036,01100,,,
36,01102,036,01100,,,
36,01201,036,01200,,,
36,01202,036,01200,,,
36,01203,036,01200,,,
36,01204,036,01200,,,
36,01205,036,01200,,,
36,01206,036,01200,,,
36,01207,036,01200,,,
36,01300,036,01300,,,
36,01400,036,01400,,,
36,01500,036,01500,,,
36,01600,036,01600,,,
36,01700,036,01700,,,
36,01801,036,01800,,,
36,01802,036,01800,,,
36,01900,036,01900,,,
36,02001,036,02000,,,
36,02002,036,02000,,,
36,02100,036,02100,,,
36,02201,036,02200,,,
36,02202,036,02200,,,
36,02203,036,02200,,,
36,02300,036,02300,,,
36,02401,036,02400,,,
36,02402,036,02400,,,
36,02500,036,02500,,,
36,02600,036,02600,,,
36,02701,036,02700,,,
36,02702,036,02700,,,
36,02801,036,02800,,,
36,02802,036,02800,,,
36,02901,036,02900,,,
36,02902,036,02900,,,
36,02903,036,02900,,,
36,03001,036,03000,,,
36,03002,036,03000,,,
36,03003,036,03000,,,
36,03101,036,03100,,,
36,03102,036,03100,,,
36,03103,036,03100,,,
36,03104,036,03100,,,
36,03105,036,03100,,,
36,03106,036,03100,,,
36,03107,036,03100,,,
36,03201,036,03200,,,
36,03202,036,03200,,,
36,03203,036,03200,,,
36,03204,036,03200,,,
36,03205,036,03200,,,
36,03206,036,03200,,,
36,03207,036,03200,,,
36,03208,036,03200,,,
36,03209,036,03200,,,
36,03210,036,03200,,,
36,03211,036,03200,,,
36,03212,036,03200,,,
36,03301,036,03300,,,
36,03302,036,03300,,,
36,03303,036,03300,,,
36,03304,036,03300,,,
36,03305,036,03300,,,
36,03306,036,03300,,,
36,03307,036,03300,,,
36,03308,036,03300,,,
36,03309,036,03300,,,
36,03310,036,03300,,,
36,03311,036,03300,,,
36,03312,036,03300,,,
36,03313,036,03300,,,
36,03701,036,03700,,,
36,03702,036,03700,,,
36,03703,036,03700,,,
36,03704,036,03700,,,
36,03705,036,03700,,,
36,03706,036,03700,,,
36,03707,036,03700,,,
36,03708,036,03700,,,
36,03709,036,03700,,,
36,03710,036,03700,,,
36,03801,036,03800,,,
36,03802,036,03800,,,
36,03803,036,03800,,,
36,03804,036,03800,,,
36,03805,036,03800,,,
36,03806,036,03800,,,
36,03807,036,03800,,,
36,03808,036,03800,,,
36,03809,036,03800,,,
36,03810,036,03800,,,
36,03901,036,03900,,,
36,03902,036,03900,,,
36,03903,036,03900,,,
36,04001,036,04000,,,
36,04002,036,04000,,,
36,04003,036,04000,,,
36,04004,036,04000,,,
36,04005,036,04000,,,
36,04006,036,04000,,,
36,04007,036,04000,,,
36,04008,036,04000,,,
36,04009,036,04000,,,
36,04010,036,04000,,,
36,04011,036,04000,,,
36,04012,036,04000,,,
36,04013,036,04000,,,
36,04014,036,04000,,,
36,04015,036,04000,,,
36,04016,036,04000,,,
36,04017,036,04000,,,
36,04018,036,04000,,,
36,04101,036,04100,,,
36,04102,036,04100,,,
36,04103,036,04100,,,
36,04104,036,04100,,,
36,04105,036,04100,,,
36,04106,036,04100,,,
36,04107,036,04100,,,
36,04108,036,04100,,,
36,04109,036,04100,,,
36,04110,036,04100,,,
36,04111,036,04100,,,
36,04112,036,04100,,,
36,04113,036,04100,,,
36,04114,036,04100,,,
37,00100,037,00100,,,
37,00200,037,00200,,,
37,00300,037,00300,,,
37,00400,037,00400,,,
37,00500,037,00590,,,
37,00600,037,00590,,,
37,00700,037,00700,,,
37,00800,037,00800,,,
37,00900,037,00900,,,
37,01000,037,01000,,,
37,01100,037,01100,,,
37,01201,037,01200,,,
37,01202,037,01200,,,
37,01203,037,01200,,,
37,01204,037,01200,,,
37,01205,037,01200,,,
37,01206,037,01200,,,
37,01207,037,01200,,,
37,01208,037,01200,,,
37,01301,037,01300,,,
37,01302,037,01300,,,
37,01400,037,01400,,,
37,01500,037,01500,,,
37,01600,037,01600,,,
37,01701,037,01700,,,
37,01702,037,01700,,,
37,01703,037,01700,,,
37,01704,037,01700,,,
37,01801,037,01800,,,
37,01802,037,01800,,,
37,01803,037,01800,,,
37,01900,037,01990,,,
37,02000,037,02000,,,
37,02100,037,02100,,,
37,02201,037,02200,,,
37,02202,037,02200,,,
37,02300,037,02390,,,
37,02400,037,02390,,,
37,02500,037,02500,,,
37,02600,037,02690,,,
37,02700,037,02690,,,
37,02800,037,02800,,,
37,02900,037,01990,,,
37,03001,037,03000,,,
37,03002,037,03000,,,
37,03101,037,03100,,,
37,03102,037,03100,,,
37,03103,037,03100,,,
37,03104,037,03100,,,
37,03105,037,03100,,,
37,03106,037,03100,,,
37,03107,037,03100,,,
37,03108,037,03100,,,
37,03200,037,03290,,,
37,03300,037,03290,,,
37,03400,037,03400,,,
37,03500,037,03500,,,
37,03600,037,03600,,,
37,03700,037,03700,,,
37,03800,037,03800,,,
37,03900,037,03900,,,
37,04000,037,04000,,,
37,04100,037,04190,,,
37,04200,037,04200,,,
37,04300,037,04300,,,
37,04400,037,04400,,,
37,04500,037,04190,,,
37,04600,037,04690,,,
37,04700,037,04690,,,
37,04800,037,04800,,,
37,04900,037,04990,,,
37,05001,037,05000,,,
37,05002,037,05000,,,
37,05003,037,05000,,,
37,05100,037,04990,,,
37,05200,037,05200,,,
37,05300,037,05390,,,
37,05400,037,05390,,,
38,00100,038,00100,,,
38,00200,038,00200,,,
38,00300,038,00300,,,
38,00400,038,00400,,,
38,00500,038,00500,,,
39,00100,039,00100,,,
39,00200,039,00290,,,
39,00300,039,00290,,,
39,00400,039,00290,,,
39,00500,039,00290,,,
39,00600,039,00290,,,
39,00700,039,00700,,,
39,00801,039,00800,,,
39,00802,039,00800,,,
39,00901,039,00900,,,
39,00902,039,00900,,,
39,00903,039,00900,,,
39,00904,039,00900,,,
39,00905,039,00900,,,
39,00906,039,00900,,,
39,00907,039,00900,,,
39,00908,039,00900,,,
39,00909,039,00900,,,
39,00910,039,00900,,,
39,01000,039,01090,,,
39,01100,039,01090,,,
39,01200,039,01090,,,
39,01300,039,01300,,,
39,01400,039,01490,,,
39,01500,039,01490,,,
39,01600,039,01490,,,
39,01700,039,01700,,,
39,01801,039,01800,,,
39,01802,039,01800,,,
39,01803,039,01800,,,
39,01804,039,01800,,,
39,01805,039,01800,,,
39,01900,039,01900,,,
39,02000,039,02000,,,
39,02100,039,02100,,,
39,02200,039,02200,,,
39,02300,039,02300,,,
39,02400,039,02400,,,
39,02500,039,02500,,,
39,02600,039,02600,,,
39,02700,039,02700,,,
39,02800,039,02800,,,
39,02900,039,02900,,,
39,03000,039,03000,,,
39,03100,039,03190,,,
39,03200,039,03190,,,
39,03300,039,03190,,,
39,03400,039,03400,,,
39,03500,039,03500,,,
39,03600,039,03600,,,
39,03700,039,03700,,,
39,03800,039,03800,,,
39,03900,039,03900,,,
39,04000,039,04000,,,
39,04101,039,04100,,,
39,04102,039,04100,,,
39,04103,039,04100,,,
39,04104,039,04100,,,
39,04105,039,04100,,,
39,04106,039,04100,,,
39,04107,039,04100,,,
39,04108,039,04100,,,
39,04109,039,04100,,,
39,04110,039,04100,,,
39,04111,039,04100,,,
39,04200,039,04200,,,
39,04300,039,04300,,,
39,04400,039,04400,,,
39,04500,039,04500,,,
39,04601,039,04600,,,
39,04602,039,04600,,,
39,04603,039,04600,,,
39,04604,039,04600,,,
39,04700,039,04700,,,
39,04800,039,04800,,,
39,04900,039,04900,,,
39,05000,039,05000,,,
39,05100,039,05100,,,
39,05200,039,05200,,,
39,05301,039,05300,,,
39,05302,039,05300,,,
39,05401,039,05400,,,
39,05402,039,05400,,,
39,05403,039,05400,,,
39,05501,039,05500,,,
39,05502,039,05500,,,
39,05503,039,05500,,,
39,05504,039,05500,,,
39,05505,039,05500,,,
39,05506,039,05500,,,
39,05507,039,05500,,,
39,05600,039,05690,,,
39,05700,039,05690,,,
40,00100,040,00190,,,
40,00200,040,00200,,,
40,00300,040,00300,,,
40,00400,040,00400,,,
40,00500,040,00500,,,
40,00601,040,00600,,,
40,00602,040,00600,,,
40,00701,040,00700,,,
40,00702,040,00700,,,
40,00800,040,00800,,,
40,00900,040,00900,,,
40,01001,040,01000,,,
40,01002,040,01000,,,
40,01003,040,01000,,,
40,01004,040,01000,,,
40,01005,040,01000,,,
40,01006,040,01000,,,
40,01101,040,01100,,,
40,01102,040,01100,,,
40,01201,040,01290,,,
40,01202,040,01290,,,
40,01203,040,01290,,,
40,01204,040,01290,,,
40,01301,040,00190,,,
40,01302,040,00190,,,
40,01400,040,01400,,,
40,01501,040,01290,,,
40,01601,040,01290,,,
41,00100,041,00100,,,
41,00200,041,00200,,,
41,00300,041,00300,,,
41,00400,041,00400,,,
41,00500,041,00500,,,
41,00600,041,00600,,,
41,00703,041,00700,,,
41,00704,041,00700,,,
41,00705,041,00700,,,
41,00800,041,00800,,,
41,00901,041,00900,,,
41,00902,041,00900,,,
41,01000,041,01000,,,
41,01103,041,01100,,,
41,01104,041,01100,,,
41,01105,041,01100,,,
41,01200,041,01200,,,
41,01301,041,01325,,,
41,01302,041,01325,,,
41,01303,041,01325,,,
41,01305,041,01325,,,
41,01314,041,01325,,,
41,01316,041,01325,,,
41,01317,041,01326,,,
41,01318,041,01326,,,
41,01319,041,01326,,,
41,01320,041,01327,,,
41,01321,041,01327,,,
41,01322,041,01327,,,
41,01323,041,01327,,,
41,01324,041,01327,,,
42,00101,042,00100,,,
42,00102,042,00100,,,
42,00200,042,00200,,,
42,00300,042,00300,,,
42,00400,042,00400,,,
42,00500,042,00500,,,
42,00600,042,00600,,,
42,00701,042,00700,,,
42,00702,042,00700,,,
42,00801,042,00800,,,
42,00802,042,00800,,,
42,00803,042,00800,,,
42,00900,042,00900,,,
42,01000,042,01000,,,
42,01100,042,01100,,,
42,01200,042,01200,,,
42,01300,042,01300,,,
42,01400,042,01400,,,
42,01501,042,01500,,,
42,01502,042,01500,,,
42,01600,042,01600,,,
42,01701,042,01700,,,
42,01702,042,01700,,,
42,01801,042,01700,,,
42,01802,042,01700,,,
42,01803,042,01700,,,
42,01804,042,01700,,,
42,01805,042,01700,,,
42,01806,042,01700,,,
42,01807,042,01700,,,
42,01900,042,01900,,,
42,02001,042,02000,,,
42,02002,042,02000,,,
42,02003,042,02000,,,
42,02100,042,02100,,,
42,02200,042,02200,,,
42,02301,042,02300,,,
42,02302,042,02300,,,
42,02401,042,02400,,,
42,02402,042,02400,,,
42,02500,042,02500,,,
42,02600,042,02600,,,
42,02701,042,02700,,,
42,02702,042,02700,,,
42,02703,042,02700,,,
42,02801,042,02890,,,
42,02802,042,02890,,,
42,02803,042,02890,,,
42,02901,042,02890,,,
42,02902,042,02890,,,
42,03001,042,03000,,,
42,03002,042,03000,,,
42,03003,042,03000,,,
42,03004,042,03000,,,
42,03101,042,03100,,,
42,03102,042,03100,,,
42,03103,042,03100,,,
42,03104,042,03100,,,
42,03105,042,03100,,,
42,03106,042,03100,,,
42,03201,042,03200,,,
42,03202,042,03200,,,
42,03203,042,03200,,,
42,03204,042,03200,,,
42,03205,042,03200,,,
42,03206,042,03200,,,
42,03207,042,03200,,,
42,03208,042,03200,,,
42,03209,042,03200,,,
42,03210,042,03200,,,
42,03211,042,03200,,,
42,03301,042,03300,,,
42,03302,042,03300,,,
42,03303,042,03300,,,
42,03304,042,03300,,,
42,03401,042,03400,,,
42,03402,042,03400,,,
42,03403,042,03400,,,
42,03404,042,03400,,,
42,03501,042,03500,,,
42,03502,042,03500,,,
42,03503,042,03500,,,
42,03504,042,03500,,,
42,03601,042,03600,,,
42,03602,042,03600,,,
42,03603,042,03600,,,
42,03701,042,03700,,,
42,03702,042,03700,,,
42,03800,042,03800,,,
42,03900,042,03900,,,
42,04001,042,04000,,,
42,04002,042,04000,,,
44,00101,044,00100,,,
44,00102,044,00100,,,
44,00103,044,00100,,,
44,00104,044,00100,,,
44,00201,044,00201,,,
44,00300,044,00300,,,
44,00400,044,00400,,,
45,00101,045,00101,,,
45,00102,045,00100,,,
45,00103,045,00100,,,
45,00104,045,00100,,,
45,00105,045,00100,,,
45,00200,045,00200,,,
45,00301,045,00300,,,
45,00302,045,00300,,,
45,00400,045,00400,,,
45,00501,045,00500,,,
45,00502,045,00500,,,
45,00601,045,00606,,,
45,00602,045,00606,,,
45,00603,045,00600,,,
45,00604,045,00600,,,
45,00605,045,00600,,,
45,00700,045,00700,,,
45,00800,045,00800,,,
45,00900,045,00900,,,
45,01000,045,01000,,,
45,01101,045,01100,,,
45,01102,045,01100,,,
45,01201,045,01200,,,
45,01202,045,01200,,,
45,01203,045,01200,,,
45,01204,045,01200,,,
45,01300,045,01300,,,
45,01400,045,01400,,,
45,01500,045,01500,,,
45,01600,045,01600,,,
46,00100,046,00100,,,
46,00200,046,00200,,,
46,00300,046,00300,,,
46,00400,046,00400,,,
46,00500,046,00590,,,
46,00600,046,00590,,,
47,00100,047,00100,,,
47,00200,047,00200,,,
47,00300,047,00300,,,
47,00400,047,00400,,,
47,00500,047,00500,,,
47,00600,047,00600,,,
47,00700,047,00700,,,
47,00800,047,00800,,,
47,00900,047,00900,,,
47,01000,047,01090,,,
47,01100,047,01090,,,
47,01200,047,01200,,,
47,01300,047,01300,,,
47,01400,047,01400,,,
47,01500,047,01500,,,
47,01601,047,01600,,,
47,01602,047,01600,,,
47,01603,047,01600,,,
47,01604,047,01600,,,
47,01700,047,01700,,,
47,01800,047,01800,,,
47,01900,047,01900,,,
47,02001,047,02000,,,
47,02002,047,02000,,,
47,02003,047,02000,,,
47,02100,047,02100,,,
47,02200,047,02200,,,
47,02300,047,02300,,,
47,02401,047,02400,,,
47,02402,047,02400,,,
47,02501,047,02500,,,
47,02502,047,02500,,,
47,02503,047,02500,,,
47,02504,047,02500,,,
47,02505,047,02500,,,
47,02600,047,02600,,,
47,02700,047,02700,,,
47,02800,047,02800,,,
47,02900,047,02900,,,
47,03000,047,03000,,,
47,03100,047,03100,,,
47,03201,047,03200,,,
47,03202,047,03200,,,
47,03203,047,03200,,,
47,03204,047,03200,,,
47,03205,047,03200,,,
47,03206,047,03200,,,
47,03207,047,03200,,,
47,03208,047,03200,,,
48,00100,048,00100,,,
48,00200,048,00200,,,
48,00300,048,00300,,,
48,00400,048,00400,,,
48,00501,048,00500,,,
48,00502,048,00500,,,
48,00600,048,00600,,,
48,00700,048,00700,,,
48,00800,048,00800,,,
48,00900,048,00900,,,
48,01000,048,01000,,,
48,01100,048,01100,,,
48,01200,048,01200,,,
48,01300,048,01300,,,
48,01400,048,01400,,,
48,01501,048,01500,,,
48,01502,048,01500,,,
48,01600,048,01600,,,
48,01700,048,01700,,,
48,01800,048,01800,,,
48,01901,048,01900,,,
48,01902,048,01900,,,
48,01903,048,01900,,,
48,01904,048,01900,,,
48,01905,048,01900,,,
48,01906,048,01900,,,
48,01907,048,01900,,,
48,02001,048,02000,,,
48,02002,048,02000,,,
48,02003,048,02000,,,
48,02004,048,02000,,,
48,02005,048,02000,,,
48,02006,048,02000,,,
48,02101,048,02101,,,
48,02102,048,02102,,,
48,02200,048,02200,,,
48,02301,048,02300,,,
48,02302,048,02300,,,
48,02303,048,02300,,,
48,02304,048,02300,,,
48,02305,048,02300,,,
48,02306,048,02300,,,
48,02307,048,02300,,,
48,02308,048,02300,,,
48,02309,048,02300,,,
48,02310,048,02300,,,
48,02311,048,02300,,,
48,02312,048,02300,,,
48,02313,048,02300,,,
48,02314,048,02300,,,
48,02315,048,02300,,,
48,02316,048,02300,,,
48,02317,048,02300,,,
48,02318,048,02300,,,
48,02319,048,02300,,,
48,02320,048,02300,,,
48,02321,048,02300,,,
48,02322,048,02300,,,
48,02400,048,02400,,,
48,02501,048,02500,,,
48,02502,048,02500,,,
48,02503,048,02500,,,
48,02504,048,02500,,,
48,02505,048,02500,,,
48,02506,048,02500,,,
48,02507,048,02500,,,
48,02508,048,02500,,,
48,02509,048,02500,,,
48,02510,048,02500,,,
48,02511,048,02500,,,
48,02512,048,02500,,,
48,02513,048,02500,,,
48,02514,048,02500,,,
48,02515,048,02500,,,
48,02516,048,02500,,,
48,02600,048,02600,,,
48,02700,048,02700,,,
48,02800,048,02800,,,
48,02900,048,02900,,,
48,03000,048,03000,,,
48,03100,048,03100,,,
48,03200,048,03200,,,
48,03301,048,03300,,,
48,03302,048,03300,,,
48,03303,048,03300,,,
48,03304,048,03300,,,
48,03305,048,03300,,,
48,03306,048,03300,,,
48,03400,048,03400,,,
48,03501,048,03500,,,
48,03502,048,03500,,,
48,03601,048,03601,,,
48,03602,048,03602,,,
48,03700,048,03700,,,
48,03801,048,03800,,,
48,03802,048,03800,,,
48,03900,048,03900,,,
48,04000,048,04000,,,
48,04100,048,04100,,,
48,04200,048,04200,,,
48,04301,048,04300,,,
48,04302,048,04300,,,
48,04400,048,04400,,,
48,04501,048,04500,,,
48,04502,048,04500,,,
48,04503,048,04500,,,
48,04504,048,04500,,,
48,04601,048,04600,,,
48,04602,048,04600,,,
48,04603,048,04600,,,
48,04604,048,04600,,,
48,04605,048,04600,,,
48,04606,048,04600,,,
48,04607,048,04600,,,
48,04608,048,04600,,,
48,04609,048,04600,,,
48,04610,048,04600,,,
48,04611,048,04600,,,
48,04612,048,04600,,,
48,04613,048,04600,,,
48,04614,048,04600,,,
48,04615,048,04600,,,
48,04616,048,04600,,,
48,04617,048,04600,,,
48,04618,048,04600,,,
48,04619,048,04600,,,
48,04620,048,04600,,,
48,04621,048,04600,,,
48,04622,048,04600,,,
48,04623,048,04600,,,
48,04624,048,04600,,,
48,04625,048,04600,,,
48,04626,048,04600,,,
48,04627,048,04600,,,
48,04628,048,04600,,,
48,04629,048,04600,,,
48,04630,048,04600,,,
48,04631,048,04600,,,
48,04632,048,04600,,,
48,04633,048,04600,,,
48,04634,048,04600,,,
48,04635,048,04600,,,
48,04636,048,04600,,,
48,04637,048,04600,,,
48,04638,048,04600,,,
48,04701,048,04700,,,
48,04702,048,04700,,,
48,04801,048,04800,,,
48,04802,048,04800,,,
48,04803,048,04800,,,
48,04901,048,04900,,,
48,04902,048,04900,,,
48,04903,048,04900,,,
48,04904,048,04900,,,
48,04905,048,04900,,,
48,05000,048,05000,,,
48,05100,048,05100,,,
48,05201,048,05200,,,
48,05202,048,05200,,,
48,05203,048,05200,,,
48,05204,048,05200,,,
48,05301,048,05300,,,
48,05302,048,05300,,,
48,05303,048,05300,,,
48,05304,048,05300,,,
48,05305,048,05300,,,
48,05306,048,05300,,,
48,05307,048,05300,,,
48,05308,048,05300,,,
48,05309,048,05300,,,
48,05400,048,05400,,,
48,05500,048,05500,,,
48,05600,048,05600,,,
48,05700,048,05700,,,
48,05800,048,05800,,,
48,05901,048,05900,,,
48,05902,048,05900,,,
48,05903,048,05900,,,
48,05904,048,05900,,,
48,05905,048,05900,,,
48,05906,048,05900,,,
48,05907,048,05900,,,
48,05908,048,05900,,,
48,05909,048,05900,,,
48,05910,048,05900,,,
48,05911,048,05900,,,
48,05912,048,05900,,,
48,05913,048,05900,,,
48,05914,048,05900,,,
48,05915,048,05900,,,
48,05916,048,05900,,,
48,06000,048,06000,,,
48,06100,048,06100,,,
48,06200,048,06200,,,
48,06301,048,06300,,,
48,06302,048,06300,,,
48,06400,048,06400,,,
48,06500,048,06500,,,
48,06601,048,06600,,,
48,06602,048,06600,,,
48,06603,048,06600,,,
48,06701,048,06700,,,
48,06702,048,06700,,,
48,06703,048,06700,,,
48,06801,048,06800,,,
48,06802,048,06800,,,
48,06803,048,06800,,,
48,06804,048,06800,,,
48,06805,048,06800,,,
48,06806,048,06800,,,
48,06807,048,06800,,,
48,06900,048,06900,,,
49,03001,049,03001,,,
49,05001,049,05001,,,
49,11001,049,11000,,,
49,11002,049,11000,,,
49,13001,049,13001,,,
49,21001,049,21001,,,
49,35001,049,35000,,,
49,35002,049,35000,,,
49,35003,049,35000,,,
49,35004,049,35000,,,
49,35005,049,35000,,,
49,35006,049,35000,,,
49,35007,049,35000,,,
49,35008,049,35000,,,
49,35009,049,35000,,,
49,49001,049,49000,,,
49,49002,049,49000,,,
49,49003,049,49000,,,
49,49004,049,49000,,,
49,53001,049,53001,,,
49,57001,049,57000,,,
49,57002,049,57000,,,
50,00100,050,00100,,,
50,00200,050,00200,,,
50,00300,050,00300,,,
50,00400,050,00400,,,
51,01301,051,01300,,,
51,01302,051,01300,,,
51,04101,051,04100,,,
51,04102,051,04100,,,
51,04103,051,04100,,,
51,10701,051,10700,,,
51,10702,051,10700,,,
51,10703,051,10700,,,
51,51010,051,51010,,,
51,51020,051,51020,,,
51,51040,051,51040,,,
51,51044,051,51000,,,
51,51045,051,51000,,,
51,51080,051,51080,,,
51,51084,051,51084,,,
51,51085,051,51085,,,
51,51087,051,51087,,,
51,51089,051,51001,,,
51,51090,051,51001,,,
51,51095,051,51095,,,
51,51096,051,51096,,,
51,51097,051,51097,,,
51,51105,051,51105,,,
51,51110,051,51110,,,
51,51115,051,51115,,,
51,51120,051,51120,,,
51,51125,051,51125,,,
51,51135,051,51135,,,
51,51145,051,51145,,,
51,51154,051,51187,,,
51,51155,051,51187,,,
51,51164,051,51100,,,
51,51165,051,51100,,,
51,51167,051,51100,,,
51,51175,051,51175,,,
51,51186,051,51186,,,
51,51206,051,51206,,,
51,51215,051,51215,,,
51,51224,051,51200,,,
51,51225,051,51200,,,
51,51235,051,51235,,,
51,51244,051,51256,,,
51,51245,051,51256,,,
51,51246,051,51256,,,
51,51255,051,51255,,,
51,55001,051,55000,,,
51,55002,051,55000,,,
51,59301,051,59300,,,
51,59302,051,59300,,,
51,59303,051,59300,,,
51,59304,051,59300,,,
51,59305,051,59300,,,
51,59306,051,59300,,,
51,59307,051,59300,,,
51,59308,051,59300,,,
51,59309,051,59300,,,
53,10100,053,10100,,,
53,10200,053,10200,,,
53,10300,053,10300,,,
53,10400,053,10400,,,
53,10501,053,10500,,,
53,10502,053,10500,,,
53,10503,053,10500,,,
53,10504,053,10500,,,
53,10600,053,10600,,,
53,10701,053,10700,,,
53,10702,053,10700,,,
53,10703,053,10700,,,
53,10800,053,10800,,,
53,10901,053,10900,,,
53,10902,053,10900,,,
53,11000,053,11000,,,
53,11101,053,11100,,,
53,11102,053,11100,,,
53,11103,053,11100,,,
53,11104,053,11100,,,
53,11200,053,11200,,,
53,11300,053,11300,,,
53,11401,053,11400,,,
53,11402,053,11400,,,
53,11501,053,11500,,,
53,11502,053,11500,,,
53,11503,053,11500,,,
53,11504,053,11500,,,
53,11505,053,11500,,,
53,11506,053,11500,,,
53,11507,053,11500,,,
53,11601,053,11600,,,
53,11602,053,11600,,,
53,11603,053,11600,,,
53,11604,053,11600,,,
53,11605,053,11600,,,
53,11606,053,11600,,,
53,11607,053,11600,,,
53,11608,053,11600,,,
53,11609,053,11600,,,
53,11610,053,11600,,,
53,11611,053,11600,,,
53,11612,053,11600,,,
53,11613,053,11600,,,
53,11614,053,11600,,,
53,11615,053,11600,,,
53,11616,053,11600,,,
53,11701,053,11700,,,
53,11702,053,11700,,,
53,11703,053,11700,,,
53,11704,053,11700,,,
53,11705,053,11700,,,
53,11706,053,11700,,,
53,11801,053,11800,,,
53,11802,053,11800,,,
53,11900,053,11900,,,
54,00100,054,00100,,,
54,00200,054,00200,,,
54,00300,054,00300,,,
54,00400,054,00400,,,
54,00500,054,00500,,,
54,00600,054,00600,,,
54,00700,054,00700,,,
54,00800,054,00800,,,
54,00900,054,00900,,,
54,01000,054,01000,,,
54,01100,054,01100,,,
54,01200,054,01200,,,
54,01300,054,01300,,,
55,00100,055,00100,,,
55,00101,055,00104,,,
55,00102,055,00104,,,
55,00103,055,00104,,,
55,00200,055,00200,,,
55,00300,055,00200,,,
55,00600,055,00600,,,
55,00700,055,00700,,,
55,00800,055,00800,,,
55,00900,055,00900,,,
55,01000,055,01000,,,
55,01001,055,01001,,,
55,01300,055,01300,,,
55,01301,055,01301,,,
55,01400,055,01400,,,
55,01401,055,01401,,,
55,01500,055,01500,,,
55,01501,055,01501,,,
55,01600,055,01600,,,
55,01601,055,01601,,,
55,02400,055,02400,,,
55,02500,055,02500,,,
55,10000,055,10000,,,
55,20000,055,20000,,,
55,30000,055,30000,,,
55,40101,055,40100,,,
55,40301,055,40100,,,
55,40701,055,40100,,,
55,41001,055,40100,,,
55,41002,055,40100,,,
55,41003,055,40100,,,
55,41004,055,40100,,,
55,41005,055,40100,,,
55,50000,055,50000,,,
55,55101,055,55100,,,
55,55102,055,55102,,,
55,55103,055,55100,,,
55,70101,055,70100,,,
55,70201,055,70100,,,
55,70301,055,70100,,,
56,00100,056,00100,,,
56,00200,056,00200,,,
56,00300,056,00300,,,
56,00400,056,00400,,,
56,00500,056,00500,,,
72,00101,072,00101,,,
72,00102,072,00102,,,
72,00201,072,00201,,,
72,00202,072,00202,,,
72,00301,072,00301,,,
72,00302,072,00302,,,
72,00401,072,00401,,,
72,00402,072,00402,,,
72,00403,072,00403,,,
72,00501,072,00501,,,
72,00502,072,00502,,,
72,00503,072,00503,,,
72,00601,072,00601,,,
72,00602,072,00602,,,
72,00701,072,00701,,,
72,00801,072,00807,,,
72,00802,072,00807,,,
72,00803,072,00803,,,
72,00804,072,00808,,,
72,00805,072,00808,,,
72,00806,072,00808,,,
72,00901,072,00900,,,
72,00902,072,00900,,,
72,01001,072,01001,,,
72,01002,072,01002,,,
72,01101,072,01101,,,
72,01102,072,01102,,,
,,,,,,
* The 2012 place of work and migration public use microdata areas,,,,,,
(POWPUMA and MIGPUMA) that are county-based and PUMA-based,,,,,,
and use the same codes.   POWPUMA and MIGPUMA in previous ACS,,,,,,
datasets did not use the same codes.,,,,,,
,,,,,,
,,,,,,
,,,,,,
,,,,,,
,,,,,,
,,,,,,